i,29740
you,27528
be,19579
the,13398
do,12398
it,12392
a,12105
to,11875
that,8868
and,8008
have,6491
what,6432
on,6071
know,5745
we,5681
this,5527
get,5458
me,5334
my,5087
of,5027
in,4633
so,4533
not,4148
just,4076
go,3981
an,3792
with,3610
for,3595
your,3178
he,3176
think,3067
but,3059
right,2943
no,2918
she,2886
all,2661
yeah,2573
there,2533
about,2508
want,2506
like,2464
here,2454
oh,2427
out,2360
say,2321
her,2263
can,2224
if,2125
guy,2072
one,2020
up,2010
at,1928
okay,1910
see,1863
they,1806
come,1661
really,1645
now,1581
how,1570
him,1556
make,1486
mean,1483
good,1478
why,1477
ca,1476
tell,1369
could,1361
take,1326
look,1296
when,1294
thing,1283
would,1270
time,1222
because,1220
who,1205
sorry,1131
great,1120
then,1049
back,1038
too,992
love,945
should,943
some,939
them,933
talk,917
give,909
l,878
something,875
from,869
u,866
or,851
little,826
let,820
uh,804
work,801
need,789
never,761
maybe,760
way,742
yes,737
much,735
thank,734
baby,732
over,720
his,713
our,704
two,704
call,689
friend,682
hey,652
happen,650
believe,641
more,640
people,637
feel,623
where,623
will,615
off,609
down,592
wait,586
well,583
even,581
big,579
by,565
again,562
sure,557
try,556
kind,555
first,551
man,548
very,545
night,536
marry,530
ask,530
day,525
hear,524
leave,517
still,512
stuff,511
find,506
put,506
any,496
anything,493
wan,492
woman,488
these,487
other,476
only,468
kid,464
ta,463
use,458
name,453
nice,451
year,448
ha,447
fine,441
those,433
start,432
before,427
ever,426
date,425
meet,423
move,422
play,416
together,415
last,407
better,406
stop,403
minute,397
actually,394
bad,394
break,394
keep,390
nothing,390
guess,388
into,379
someone,378
live,371
please,371
help,369
um,367
girl,363
fun,357
quo,351
than,349
room,340
happy,337
lot,335
best,334
new,332
place,331
care,328
around,327
pretty,326
job,322
wrong,315
hi,314
wind,307
everything,305
eat,303
kiss,302
watch,298
party,295
stay,293
funny,288
pay,288
three,285
wed,285
pick,283
show,281
tonight,281
after,281
wear,280
remember,278
home,277
always,275
bring,272
today,269
sex,267
away,267
another,265
ready,261
idea,260
weird,260
hard,260
money,260
miss,259
second,259
hand,257
huh,256
forget,251
head,250
long,249
sleep,248
sound,247
crazy,244
turn,242
else,241
apartment,235
stupid,235
everybody,233
part,232
next,232
game,231
drink,231
problem,229
suppose,228
might,223
phone,222
win,220
question,220
life,218
lose,216
old,214
check,214
every,214
course,213
tomorrow,212
through,212
saw,211
both,208
enough,208
each,205
mom,205
hour,204
matter,203
open,203
dinner,203
run,202
buy,202
already,200
yet,200
x,199
listen,198
probably,197
throw,197
their,196
end,194
must,193
sister,193
since,193
ike,193
walk,190
change,190
sit,189
honey,189
cool,189
excuse,189
die,189
whole,188
such,188
anymore,187
may,187
week,186
hate,186
face,186
somebody,185
number,183
understand,183
worry,183
myself,182
same,181
seem,179
movie,177
most,177
cute,176
hang,175
mine,175
parent,174
picture,174
own,173
deal,173
person,172
read,172
rachel,172
y,172
which,172
eye,172
beautiful,170
dress,169
sweet,168
father,168
totally,167
word,166
hot,164
write,162
ring,162
everyone,162
morning,162
also,161
fire,161
amaze,160
hold,159
dad,159
different,158
task,158
bite,157
yourself,155
true,155
mind,155
doctor,153
joke,153
boy,153
cry,152
birthday,152
while,151
close,151
real,150
serious,149
food,149
spend,149
wish,149
house,149
dog,148
coffee,148
hurt,148
book,148
realize,147
table,147
cat,147
story,146
figure,144
dance,144
hell,142
ago,141
joey,140
four,140
hair,140
chance,138
later,137
late,137
kill,136
door,136
couple,135
plan,135
once,135
five,135
hat,134
anyone,134
point,133
without,133
office,132
hit,132
important,132
send,131
month,131
hope,130
bed,129
stand,129
relationship,129
phoebe,128
naked,127
lady,127
bet,127
pant,126
mad,125
wife,125
stick,124
freak,124
fact,124
school,124
decide,123
high,123
pregnant,122
s,121
wow,121
promise,121
car,120
t,120
shoot,118
reason,118
set,118
either,118
perfect,117
ticket,117
excite,116
fight,116
surprise,116
touch,115
as,115
answer,114
present,114
mother,113
whoa,113
anybody,112
family,112
lie,111
song,111
boyfriend,111
child,111
finish,111
star,110
tv,110
though,109
bathroom,109
monica,108
audition,108
chandler,108
luck,107
wonder,106
cut,106
many,106
speak,106
smell,106
line,106
interest,105
smoke,104
alone,104
invite,104
card,104
catch,102
key,102
divorce,102
suck,100
seat,100
yours,100
shoe,100
save,100
glad,100
until,99
e,99
message,99
world,99
huge,98
sing,98
foot,98
box,98
anyway,98
almost,96
order,96
under,94
easy,94
girlfriend,93
chair,93
between,92
nobody,92
grow,92
sick,92
terrible,91
marriage,91
moment,91
dead,91
kick,90
actor,90
gift,90
soon,90
steal,90
rest,90
brother,89
sometimes,89
six,89
sweetie,88
monkey,88
drop,88
whatever,88
teach,88
roommate,88
free,88
special,88
exactly,87
drive,87
least,87
news,87
ross,86
definitely,86
act,85
few,85
massage,85
seriously,85
wake,83
fault,83
laugh,83
restaurant,83
clean,82
scar,82
side,82
bag,81
cake,81
fall,81
son,80
mess,80
upset,80
shower,80
class,79
clothe,79
light,79
ow,79
whose,78
absolutely,78
men,77
hello,77
water,77
enjoy,77
propose,77
half,77
lunch,77
street,77
dream,76
favorite,76
build,76
ahem,75
store,74
paper,73
quit,73
ive,73
goodbye,73
able,73
hop,73
seven,73
nook,72
fast,72
sell,72
heart,71
ice,71
gay,71
scene,70
asleep,70
push,70
unless,70
relax,70
lucky,70
sign,70
fat,70
afraid,69
porn,69
couch,69
sense,69
ah,69
shop,69
outside,69
top,68
body,68
pack,68
eh,68
smart,68
tape,67
weekend,67
learn,67
bos,67
except,67
welcome,67
sad,67
share,67
ruin,66
front,66
secret,66
ball,65
emily,65
husband,65
ooh,65
along,65
finally,65
pizza,65
cup,65
bitch,65
pee,64
far,64
hep,64
chicken,63
duck,63
college,63
owe,63
hug,63
clear,62
borrow,62
worst,62
sandwich,62
coat,62
behind,61
sir,61
horrible,61
list,61
incredible,61
bye,61
till,61
buck,61
boat,61
floor,61
worse,61
damn,61
machine,60
sort,60
case,60
idiot,60
hospital,60
cab,60
beer,59
cover,59
buddy,59
yesterday,59
bedroom,59
pas,59
become,59
embarrass,58
extra,58
wonderful,58
bird,58
piece,58
rook,58
underwear,58
appreciate,58
mistake,58
grab,58
business,57
shirt,57
leg,57
offer,57
sexy,57
city,57
butt,57
swear,57
notice,57
conversation,57
fair,57
small,56
across,56
obviously,56
pull,56
felt,56
grandmother,56
forever,56
rule,56
handle,56
strong,55
third,55
cook,55
twin,55
pretend,55
eight,55
congratulation,55
trip,55
straight,55
control,54
step,54
cooky,54
switch,54
breast,54
window,54
plus,53
against,53
re,53
taste,53
dollar,53
dear,52
bra,52
pace,52
lt,52
fan,52
worth,52
candy,52
none,51
wine,51
town,51
hide,51
raise,51
past,51
daughter,51
group,51
blow,51
gird,51
young,51
bother,50
flower,50
dude,50
nervous,50
apologize,50
tough,50
decision,50
finger,50
hire,50
ease,50
yell,50
count,50
chef,50
apparently,50
crap,50
romantic,50
fix,49
crush,49
plane,49
trouble,49
bar,49
neither,48
bear,48
lesbian,48
music,48
bigger,48
ride,48
unbelievable,48
inside,48
ugh,48
fake,47
dump,47
test,47
engage,47
sh,47
chick,47
turkey,47
quite,47
interview,47
cold,47
football,47
entire,46
comfortable,46
jealous,46
carry,46
team,46
future,46
aways,46
fit,46
sweater,46
rid,46
assistant,46
tire,45
museum,45
truth,45
mm,45
cheese,45
milk,45
instead,45
kitchen,45
speech,45
expect,45
animal,45
q,45
fell,44
dinosaur,44
tip,44
dean,44
grade,43
shut,43
screw,43
stripper,43
roll,43
page,43
explain,43
ahead,43
situation,43
tree,43
white,42
glass,42
although,42
hall,42
middle,42
copy,42
bunch,42
favor,42
hundred,42
early,42
mouth,42
le,41
agree,41
choice,41
beat,41
treat,41
character,41
fish,41
fly,41
purse,41
company,41
allow,40
imagine,40
nut,40
knock,40
age,40
return,40
trust,40
park,40
birth,40
nose,40
completely,40
spit,39
dirty,39
smelly,39
band,39
smile,39
flirt,39
burn,39
choose,39
bore,39
short,39
jacket,39
tiny,39
regular,38
red,38
proud,38
club,38
blue,38
holiday,38
pain,38
voice,38
camera,38
jump,38
lovely,37
toast,37
cigarette,37
noise,37
lock,36
rear,36
arm,36
ridiculous,36
ear,36
single,36
information,36
gym,36
whine,36
rent,36
soap,36
guest,36
juice,36
mention,36
alive,36
bath,36
video,36
credit,36
coupe,35
lead,35
gosh,35
fancy,35
accept,35
practice,35
scary,35
tie,35
waitress,35
board,35
tea,35
black,35
deserve,35
uncomfortable,35
prove,35
pass,35
charge,35
career,35
fee,34
pie,34
fashion,34
twice,34
excellent,34
million,34
prepare,34
awkward,34
area,34
state,34
sock,34
scream,34
don,34
agent,34
rock,34
bike,34
note,34
meat,34
anniversary,34
seep,33
judge,33
student,33
air,33
coffeehouse,33
somewhere,33
join,33
difference,33
involve,33
fridge,33
careful,33
emergency,33
egg,33
color,33
dry,32
downstairs,32
sometime,32
wall,32
advice,32
forgive,32
candle,32
train,32
swing,32
experience,32
bottle,32
sec,32
follow,32
ugly,32
quick,32
jerk,32
harder,31
during,31
teacher,31
chip,31
hook,31
busy,31
biggest,31
brain,31
bunny,31
serve,31
consider,31
english,31
hungry,31
bill,31
draw,31
honeymoon,31
himself,31
hotel,31
punch,30
possible,30
desk,30
full,30
rush,30
lip,30
boot,30
flip,30
easier,30
se,30
tear,30
wrap,30
awful,30
heat,30
normal,30
letter,30
suit,30
honest,30
rat,29
block,29
add,29
remind,29
honor,29
client,29
death,29
longer,29
maid,29
boob,29
closet,29
memory,29
type,29
nap,29
fill,29
begin,29
trade,29
airport,29
partner,29
ivie,29
nurse,29
fool,28
service,28
cancel,28
loud,28
calm,28
score,28
adult,28
pan,28
atone,28
untie,28
human,28
bastard,28
cheat,28
button,28
charity,28
font,28
computer,28
giant,28
rain,28
blame,28
insane,28
ian,28
angry,27
commercial,27
muffin,27
guitar,27
waste,27
pound,27
bottom,27
french,27
stink,27
puppy,27
cousin,27
laundry,27
annoy,27
size,27
poor,27
cheer,27
cost,27
earn,27
pal,27
paint,27
cream,27
focus,27
subtitle,27
attack,27
mug,27
power,27
shh,26
percent,26
potato,26
aw,26
warm,26
rip,26
pocket,26
silly,26
ives,26
plate,26
sweetheart,26
pink,26
accident,26
complicate,26
breakfast,26
expensive,26
toilet,26
beach,26
famous,26
rather,26
upstairs,26
admit,26
engagement,26
flight,26
pillow,26
difficult,26
sudden,25
green,25
bride,25
department,25
shake,25
robot,25
soup,25
toe,25
road,25
familiar,25
loser,25
poker,25
country,25
actual,25
spell,25
makeup,25
forward,25
spot,25
fear,25
bond,25
healthy,25
system,25
issue,25
cue,25
history,25
adopt,25
respect,25
phase,25
pressure,25
et,25
whenever,24
double,24
chocolate,24
hole,24
lamp,24
near,24
safe,24
barely,24
wet,24
closer,24
tongue,24
thanksgiving,24
reich,24
ten,24
balcony,24
press,24
bank,24
dark,24
nipple,23
scientist,23
tap,23
hooker,23
delicious,23
support,23
responsibility,23
salad,23
bug,23
bachelor,23
certain,23
everywhere,23
rub,23
thought,23
nanny,23
personal,23
attractive,23
bump,23
clearly,23
besides,23
process,23
paleontologist,23
greatest,23
director,23
trash,22
fl,22
dessert,22
magazine,22
costume,22
king,22
sperm,22
pen,22
bubble,22
wash,22
crack,22
nail,22
strip,22
lately,22
reach,22
ton,22
cast,22
chinese,22
herself,22
apart,22
afternoon,22
diaper,22
tight,22
usually,22
sexual,22
gentleman,22
kitty,22
neighbor,22
visit,22
zoo,22
weight,22
nickname,22
record,22
ya,22
dancer,22
fantastic,22
base,22
available,22
total,21
knee,21
queen,21
professor,21
reservation,21
attention,21
accent,21
italian,21
whip,21
invitation,21
convince,21
empty,21
assume,21
pleasure,21
teeth,21
appointment,21
fruit,21
sport,21
towel,21
deep,21
annulment,21
bum,21
introduce,21
drawer,21
bone,21
earring,21
beg,21
supportive,21
spring,21
blind,21
split,21
sweat,21
gun,21
mustache,21
award,21
cookie,21
form,21
action,21
pig,21
nine,20
lobster,20
bus,20
summer,20
climb,20
pat,20
mail,20
tux,20
doll,20
teem,20
oven,20
sensitive,20
stone,20
adoption,20
pet,20
address,20
dial,20
eave,20
earlier,20
skin,20
trick,20
grandma,20
feed,20
final,20
major,20
whoever,20
midnight,20
scare,20
charm,20
pot,20
celebrate,20
attract,20
mirror,20
condom,20
gas,20
depress,20
poem,20
ship,20
generous,20
faster,20
corner,19
opera,19
correct,19
market,19
terrific,19
fourth,19
ceremony,19
thousand,19
anywhere,19
security,19
common,19
bo,19
perhaps,19
study,19
dumb,19
organize,19
labor,19
toy,19
match,19
shave,19
ankle,19
slow,19
swim,19
chase,19
rich,19
horse,19
film,19
smelt,19
wild,19
schedule,19
settle,19
rough,19
certainly,19
screen,19
fry,19
miracle,19
warn,19
gum,19
cow,19
gross,19
uncle,19
art,19
bang,19
cross,19
insurance,19
subway,19
level,19
gad,19
especially,18
science,18
pact,18
circle,18
creep,18
belong,18
fresh,18
waiter,18
simple,18
breathe,18
suddenly,18
scratch,18
doubt,18
neck,18
sweep,18
pop,18
price,18
paleontology,18
pair,18
inappropriate,18
impossible,18
allergic,18
mix,18
rive,18
camp,18
space,18
lawyer,18
sheet,18
lay,18
magic,18
breath,18
confuse,18
hurry,18
opportunity,18
commitment,18
gorgeous,17
din,17
shape,17
vegetarian,17
backup,17
younger,17
tattoo,17
selfish,17
salmon,17
cop,17
pathetic,17
garbage,17
technically,17
tissue,17
bridesmaid,17
sauce,17
lover,17
lesson,17
official,17
bake,17
clock,17
option,17
awake,17
mood,17
spoil,17
unfair,17
obvious,17
quickly,17
aisle,17
penis,17
orange,17
ours,17
report,17
grownup,17
grind,17
dig,17
professional,17
wave,17
salt,17
large,17
exchange,17
groom,17
tomato,17
delivery,17
slide,17
balloon,17
tall,17
older,17
apple,17
pin,16
pregnancy,16
often,16
tan,16
fossil,16
freeze,16
fling,16
account,16
mate,16
popular,16
soda,16
lasagna,16
friendship,16
shame,16
impression,16
tone,16
cowboy,16
police,16
exact,16
script,16
category,16
quarter,16
uterus,16
prefer,16
guilty,16
talented,16
blond,16
spoon,16
elevator,16
escape,16
o,16
d,16
quality,16
jam,16
medical,16
aside,16
crime,16
stranger,16
furniture,16
position,16
snow,16
affair,16
recipe,16
evil,16
dare,16
track,16
otherwise,16
disease,15
sake,15
brush,15
theme,15
spin,15
stomach,15
prison,15
disgust,15
haircut,15
mink,15
aunt,15
land,15
possibility,15
squeeze,15
prom,15
yep,15
opinion,15
handsome,15
emotional,15
awesome,15
bat,15
due,15
research,15
bing,15
cash,15
noodle,15
health,15
sentence,15
hero,15
creepy,15
triplet,15
review,15
la,15
bowl,15
force,15
incredibly,15
stain,15
rude,15
pigeon,15
strange,15
manager,15
separate,15
amount,15
suggest,15
agency,15
print,15
daddy,15
butter,15
compare,15
basket,15
regret,15
recognize,15
conference,15
drag,15
create,15
tank,15
hoop,15
humiliate,15
beep,15
ourselves,15
mommy,15
host,15
vacation,15
champagne,15
funeral,14
ovulate,14
truck,14
neat,14
basically,14
code,14
lick,14
photo,14
cater,14
babe,14
enter,14
theater,14
afford,14
view,14
teeny,14
sneak,14
solve,14
drug,14
sea,14
indian,14
edge,14
file,14
natural,14
roof,14
parade,14
repeat,14
strike,14
funniest,14
snack,14
jar,14
firm,14
meal,14
bridge,14
identical,14
intense,14
dish,14
wedding,14
thumb,14
odds,14
field,14
plastic,14
british,14
memorize,14
speed,14
steak,14
soft,14
destroy,14
library,14
quiet,14
unit,14
lift,14
sophisticate,14
brown,14
post,14
nowhere,14
slutty,14
perform,14
rue,14
mister,14
toner,13
officially,13
energy,13
television,13
sink,13
poke,13
rhyme,13
sale,13
chi,13
lecture,13
remote,13
slip,13
contraction,13
contest,13
spirit,13
magical,13
minister,13
sting,13
aware,13
pool,13
crab,13
bow,13
mature,13
emma,13
counter,13
childhood,13
contract,13
confident,13
blanket,13
term,13
pickle,13
skirt,13
nope,13
grant,13
shock,13
bald,13
brilliant,13
winner,13
accord,13
concert,13
precious,13
sickness,13
positive,13
license,13
bright,13
impress,13
panty,13
dentist,13
refrigerator,13
super,13
tray,13
roil,13
include,13
deliver,13
napkin,13
heavy,13
section,13
leather,13
original,13
puzzle,13
genius,13
batch,12
hip,12
whether,12
row,12
pharmacist,12
piano,12
crown,12
snap,12
stair,12
someday,12
lily,12
string,12
evolution,12
somehow,12
mark,12
customer,12
depend,12
connect,12
sail,12
coin,12
gather,12
ad,12
rove,12
reject,12
happier,12
choke,12
wanna,12
cheesecake,12
apology,12
private,12
insist,12
hump,12
opposite,12
subject,12
cap,12
piss,12
geek,12
farm,12
incident,12
clown,12
wreck,12
bread,12
carton,12
lousy,12
chest,12
purpose,12
complain,12
perfectly,12
lipstick,12
tricky,12
eyebrow,12
soul,12
vet,12
stock,12
peanut,12
sugar,12
hammer,12
peace,12
suite,12
court,12
badge,12
spider,12
shoo,12
fork,12
surgery,12
puppet,12
defense,12
fifth,12
receive,12
brave,12
cheek,12
damage,12
crawl,12
theory,12
thong,12
beef,12
writer,12
smaller,12
cooler,12
center,12
lame,12
catalog,12
ski,12
sept,12
fold,12
painful,12
plenty,12
patch,12
spread,12
throat,12
forth,12
universe,11
neighborhood,11
princess,11
refer,11
shoulder,11
margarita,11
adorable,11
deed,11
hers,11
presentation,11
possibly,11
glue,11
weapon,11
typical,11
intimidate,11
altar,11
travel,11
fireman,11
junior,11
someplace,11
pure,11
spare,11
badly,11
producer,11
negative,11
math,11
pad,11
gold,11
american,11
captain,11
tool,11
accidentally,11
layer,11
vein,11
pate,11
phelps,11
actress,11
drum,11
dull,11
roomy,11
coma,11
avoid,11
caterer,11
maternity,11
version,11
ho,11
sip,11
bikini,11
bell,11
concern,11
slap,11
erase,11
cancer,11
bust,11
loose,11
station,11
float,11
grass,11
comic,11
touchdown,11
route,11
joy,11
unfortunately,11
misunderstand,11
lean,11
mostly,11
sight,11
carol,11
search,11
jail,11
cheerleader,11
complete,11
patient,11
round,11
tail,11
menu,11
arrest,11
sooner,11
vow,11
maintenance,11
yummy,11
player,11
blood,11
belt,11
contact,11
pancake,11
basketball,11
compliment,11
freezer,11
ne,11
donate,11
musical,11
swallow,11
virgin,11
happiness,11
kisser,11
officer,11
tax,11
curious,11
stare,11
panic,11
click,10
hardest,10
groomsman,10
boxer,10
callback,10
mike,10
truly,10
necklace,10
behalf,10
thankful,10
cappuccino,10
gesture,10
glove,10
medicine,10
replace,10
singe,10
cave,10
fella,10
upon,10
project,10
president,10
ignore,10
slut,10
social,10
male,10
ironic,10
pumpkin,10
differently,10
bagel,10
forbid,10
gut,10
coconut,10
abandon,10
fog,10
lend,10
bend,10
phalanx,10
frame,10
knife,10
beauty,10
flatter,10
bracelet,10
sow,10
season,10
others,10
hint,10
appear,10
tile,10
exhaust,10
pill,10
darling,10
copier,10
material,10
outfit,10
underpants,10
comfort,10
benefit,10
hike,10
uptight,10
anger,10
poster,10
further,10
russian,10
shark,10
cent,10
contestant,10
decorate,10
tour,10
ghost,10
passion,10
twist,10
event,10
promote,10
product,10
sun,10
bury,10
zone,10
crass,10
yard,10
goof,10
celebrity,10
discus,10
garage,10
advantage,10
cart,10
pride,10
public,10
danger,10
swedish,10
shy,10
smite,10
graduate,10
invisible,10
inboard,10
explode,10
yellow,10
react,10
newspaper,10
heaven,10
masseuse,10
highest,10
obsessive,10
classic,10
desperate,10
nudity,10
hunt,10
banana,10
cerebrate,10
themselves,10
itself,10
wax,10
onion,10
ceiling,10
interrupt,10
pile,10
grape,10
scone,9
risk,9
crossword,9
traditional,9
weirdest,9
gang,9
jewelry,9
satisfy,9
needy,9
rabbit,9
rumor,9
spill,9
poop,9
senior,9
response,9
survive,9
overwhelm,9
cub,9
hallway,9
suggestion,9
offense,9
swoop,9
unemployed,9
album,9
diet,9
vestibule,9
cushion,9
trifle,9
buyer,9
melt,9
stretch,9
thee,9
wing,9
graduation,9
whore,9
routine,9
peek,9
performance,9
loosen,9
blouse,9
sweaty,9
law,9
bucket,9
claw,9
blah,9
cleaner,9
courage,9
rice,9
onto,9
claim,9
sneeze,9
ban,9
girlie,9
breakup,9
disappoint,9
mental,9
backpack,9
chop,9
lap,9
trap,9
witness,9
needle,9
clinic,9
semi,9
recently,9
nightmare,9
god,9
w,9
wood,9
fur,9
label,9
unusual,9
entertainment,9
cuter,9
invent,9
stamp,9
plant,9
underneath,9
bless,9
display,9
low,9
coincidence,9
mailman,9
model,9
relate,9
folk,9
pour,9
drown,9
driver,9
evaluation,9
seize,9
chain,9
describe,9
distance,9
develop,9
weak,9
argue,9
curse,9
flock,9
lotion,9
shout,9
wuss,9
distract,9
pervert,9
wire,9
miserable,9
cranberry,9
discover,9
steam,9
cartoon,9
drape,9
fantasy,9
booby,9
challenge,9
purchase,9
tunnel,9
mouse,9
advance,9
oyster,9
tush,9
unpack,9
privacy,9
physical,9
speaker,9
direction,8
curtain,8
shrink,8
hopefully,8
practically,8
slice,8
kidney,8
oder,8
telephone,8
general,8
measure,8
boom,8
specific,8
boss,8
millionaire,8
briefcase,8
humor,8
rap,8
relieve,8
blank,8
suicide,8
apron,8
pea,8
style,8
league,8
female,8
disturb,8
heap,8
advertise,8
item,8
coach,8
guard,8
occasion,8
unary,8
relative,8
beard,8
vest,8
nicer,8
connection,8
stronger,8
centimeter,8
rehearsal,8
lonely,8
weigh,8
racquetball,8
result,8
van,8
directly,8
shall,8
concentrate,8
uptown,8
island,8
waffle,8
member,8
electric,8
brownie,8
buzz,8
proposal,8
cheater,8
cabin,8
platform,8
gig,8
language,8
reverend,8
explanation,8
tag,8
qualify,8
strength,8
dangerous,8
thin,8
yessing,8
psychic,8
bleed,8
upstate,8
marcel,8
poison,8
thunder,8
affect,8
whisper,8
earth,8
bid,8
wallet,8
lemonade,8
rib,8
grocery,8
donation,8
cause,8
sixth,8
dive,8
hormone,8
selfless,8
collection,8
clever,8
remove,8
cramp,8
oil,8
vote,8
gate,8
dryer,8
protect,8
per,8
mat,8
zero,8
sample,8
nod,8
pronounce,8
moon,8
bind,8
arrive,8
goat,8
practical,8
radio,8
period,8
bee,8
peach,8
cheap,8
competition,8
shorter,8
flea,8
lifetime,8
silver,8
mon,8
yeti,8
data,8
crotch,8
breezy,8
frighten,8
bean,8
sweetest,8
bonus,8
surprisingly,8
ed,8
overhear,8
offensive,8
discussion,8
capable,8
hardly,8
supply,8
soccer,8
fate,8
tend,8
pushover,8
fist,8
gravity,8
basement,8
breed,8
concept,8
device,8
yogurt,8
mama,8
drain,8
sharp,8
pity,8
responsible,8
however,7
tense,7
traffic,7
carpet,7
announce,7
flan,7
memorial,7
threaten,7
wisdom,7
impressive,7
sand,7
floss,7
jack,7
effect,7
keynote,7
chew,7
latte,7
garlic,7
lens,7
shot,7
talent,7
gain,7
colleague,7
beyond,7
tennis,7
flash,7
grandfather,7
normally,7
planet,7
ham,7
scarf,7
twinkie,7
shampoo,7
attitude,7
century,7
quack,7
skip,7
cracker,7
channel,7
flow,7
stress,7
amuse,7
occur,7
kiwi,7
dresser,7
curl,7
sushi,7
cite,7
designer,7
successful,7
arrange,7
cell,7
picnic,7
sleeve,7
map,7
whom,7
horny,7
instance,7
fib,7
committee,7
cabinet,7
dip,7
cable,7
deaf,7
pro,7
tiger,7
knob,7
kittie,7
era,7
vegetable,7
paranoid,7
erect,7
iron,7
reference,7
neurosurgeon,7
fifty,7
puck,7
crash,7
conceive,7
ditch,7
starve,7
reader,7
insecure,7
capital,7
solid,7
phrase,7
package,7
snore,7
hamster,7
wander,7
pledge,7
degree,7
behave,7
tollhouse,7
de,7
addict,7
race,7
judgment,7
hockey,7
rehearse,7
church,7
bamboozle,7
susan,7
steel,7
defend,7
friendly,7
brag,7
nature,7
postpone,7
uniform,7
rife,7
solution,7
tradition,7
penny,7
trey,7
rescue,7
blazer,7
raw,7
pimp,7
nicest,7
faith,7
sky,7
initial,7
passport,7
handcuff,7
application,7
easily,7
fail,7
worker,7
dice,7
worm,7
chemistry,7
sue,7
square,7
image,7
rubber,7
comedy,7
deposit,7
hotter,7
suspect,7
pulp,7
gal,7
exist,7
foodie,7
tension,7
ravioli,7
combination,7
stage,7
purple,7
specie,7
muscle,7
smack,7
source,7
taco,7
ocean,7
resist,7
frown,7
apothecary,7
tub,7
pitch,7
consummate,7
sticky,7
flick,7
war,7
divide,7
china,7
program,7
reception,7
meatball,7
ai,7
mitt,6
innocent,6
constant,6
particular,6
chimney,6
relief,6
gala,6
nerve,6
goodness,6
processor,6
cough,6
wooden,6
haunt,6
swell,6
spaceship,6
seed,6
rob,6
keyboard,6
wink,6
instinct,6
similar,6
mountain,6
barrel,6
gentle,6
powerful,6
carrot,6
st,6
overreact,6
deer,6
basic,6
stun,6
strap,6
meaningless,6
thoughtful,6
invest,6
longest,6
sucker,6
pepper,6
bakery,6
chubby,6
tube,6
factory,6
success,6
publish,6
insult,6
hummus,6
commit,6
salon,6
register,6
hernia,6
robe,6
lump,6
require,6
whack,6
volunteer,6
undo,6
exercise,6
alarm,6
helpful,6
pipe,6
exam,6
shush,6
ought,6
narrow,6
attic,6
helicopter,6
independent,6
unreasonable,6
shaft,6
ingredient,6
safety,6
useless,6
pleasant,6
fluid,6
karate,6
murder,6
fabulous,6
dork,6
spray,6
theirs,6
decent,6
plain,6
intelligent,6
shiny,6
chat,6
meadow,6
essence,6
chute,6
handshake,6
angel,6
principle,6
curiosity,6
nubbin,6
burger,6
gel,6
pencil,6
chin,6
dehydrate,6
gossip,6
vibe,6
cuddle,6
ferry,6
judy,6
sailor,6
veal,6
hording,6
knowledge,6
petty,6
hairy,6
above,6
wedgie,6
background,6
recommend,6
honesty,6
nephew,6
wicked,6
culture,6
transfer,6
c,6
vanilla,6
secretly,6
literally,6
jellyfish,6
virus,6
tailor,6
sin,6
bloody,6
cleanse,6
greet,6
mile,6
jungle,6
sapient,6
operate,6
magnet,6
burgundy,6
stack,6
experiment,6
moron,6
chapter,6
unhappy,6
waist,6
ink,6
dutch,6
moonlight,6
headache,6
baseball,6
unbelievably,6
continue,6
mousse,6
random,6
cocktail,6
comet,6
artist,6
disagree,6
aid,6
yoga,6
flame,6
buffet,6
lingerie,6
apply,6
toss,6
shell,6
pasta,6
audience,6
custard,6
barn,6
deny,6
fascinate,6
dilate,6
signal,6
punish,6
classy,6
swimmer,6
goggle,6
yam,6
goofy,6
fortunately,6
expression,6
judgmental,6
certificate,6
personality,6
argument,6
silent,6
higher,6
attach,6
crappy,6
smooth,6
detail,6
fulfil,6
happiest,6
imaginary,6
raspberry,6
ashamed,6
decaf,6
discuss,6
wadi,6
porno,6
yourselves,6
duty,6
herbal,6
temporary,6
turtle,6
wherever,6
ribbon,6
remain,6
appropriate,6
rugby,6
lake,6
golf,6
suffer,6
access,6
weenie,6
olive,6
vomit,6
loss,6
role,6
eyelash,6
resource,6
bomb,6
merry,6
phlegm,6
several,6
backfire,6
yearbook,6
pretzel,6
niece,6
premiere,6
blink,6
chord,6
bruise,6
vacuum,6
threesome,6
partly,6
fax,6
huddle,6
backwards,6
shadow,6
kit,6
twelve,6
pinch,6
hottest,6
darn,6
lighter,6
pottery,6
missy,6
countdown,6
mole,6
mystery,6
south,6
environment,6
necessary,6
repel,6
harm,6
belly,6
yahoo,6
undress,6
sap,5
tilt,5
admire,5
strongest,5
coupon,5
sublet,5
sculpture,5
plat,5
blast,5
syphilis,5
belief,5
dropper,5
trophy,5
prep,5
drunken,5
master,5
hamburger,5
receipt,5
therapy,5
sweatpants,5
checkbook,5
ben,5
cage,5
unacceptable,5
bob,5
pierce,5
jazz,5
tooth,5
missus,5
expire,5
lace,5
mint,5
sack,5
direct,5
goose,5
fortune,5
sangria,5
radiator,5
brunch,5
log,5
contribution,5
sponge,5
prime,5
achieve,5
stake,5
ranger,5
lawn,5
macaroni,5
pony,5
jean,5
sleepy,5
betray,5
polite,5
casual,5
below,5
rejection,5
cider,5
ninth,5
chalk,5
torture,5
omnipotent,5
hilarious,5
unfortunate,5
trail,5
stilt,5
tournament,5
monogram,5
heel,5
bullet,5
minus,5
photographer,5
inch,5
greek,5
broom,5
prettiest,5
freaky,5
smallest,5
competitive,5
cereal,5
canoe,5
lobby,5
policeman,5
ordinarily,5
vicar,5
supervisor,5
frost,5
porch,5
closure,5
scenario,5
clue,5
net,5
patience,5
poetry,5
appetizer,5
guarantee,5
upside,5
behavior,5
collect,5
barge,5
donor,5
bicep,5
skate,5
cuff,5
stag,5
effort,5
resolution,5
violation,5
tacky,5
smartest,5
pardon,5
corporate,5
mission,5
balance,5
blade,5
finance,5
antique,5
unhook,5
effective,5
soldier,5
gunther,5
tick,5
grandchild,5
grand,5
pediatrician,5
tuna,5
twenty,5
bassinet,5
perfume,5
goody,5
gynecologist,5
wipe,5
whistle,5
granddaughter,5
psyched,5
strain,5
approve,5
ukrainian,5
soak,5
volcano,5
restroom,5
physically,5
sneaker,5
leak,5
tequila,5
finest,5
frustrate,5
strongly,5
cotton,5
taxi,5
therapist,5
beeper,5
spy,5
yum,5
disaster,5
caller,5
constantly,5
comment,5
alert,5
convention,5
flush,5
litter,5
spade,5
pastry,5
crib,5
permission,5
compromise,5
scotch,5
angle,5
comedian,5
squirrel,5
vodka,5
supermarket,5
nightstand,5
booth,5
foundation,5
cerebration,5
smooch,5
pox,5
lower,5
pa,5
gravy,5
globe,5
dozen,5
witch,5
tasty,5
armadillo,5
thrill,5
shovel,5
mop,5
noisy,5
nude,5
jet,5
previously,5
divert,5
pirate,5
rare,5
spa,5
cologne,5
lightning,5
youth,5
carefully,5
fully,5
nominate,5
seduce,5
define,5
realistic,5
dramatic,5
stalker,5
seller,5
semester,5
obsess,5
wive,5
certainty,5
bail,5
sane,5
intern,5
fey,5
dock,5
sore,5
elbow,5
hardware,5
melon,5
bully,5
barbecue,5
mentor,5
janice,5
cellar,5
killer,5
gorilla,5
example,5
rate,5
jewish,5
article,5
fever,5
illegal,5
path,5
limit,5
shin,5
sunglass,5
taffy,5
factor,5
luckiest,5
scent,5
sarcastic,5
loan,5
fajitas,5
recommendation,5
victim,5
usher,5
crave,5
discount,5
reset,5
fairy,5
scottish,5
community,5
con,5
seine,5
hypothetically,5
rose,5
diamond,5
canadian,5
manage,5
highlight,5
pursue,5
series,5
marinara,5
sebastian,5
squish,5
chill,5
alcohol,5
skinny,5
roger,5
cruel,5
transplant,5
oat,5
pu,5
autograph,5
urgent,5
boil,5
joint,5
hog,5
wizard,5
mattress,5
rooster,5
embryo,5
cigar,5
nor,5
toward,5
glow,5
freedom,5
wide,5
casserole,5
vulnerable,5
importantly,5
faying,5
skill,5
straighten,5
fabric,5
eventually,5
carbon,5
sexually,5
lime,5
mane,5
paycheck,5
bacon,5
anytime,5
forest,5
perspective,5
luggage,5
toothbrush,5
vagina,5
bluff,5
operation,5
pump,5
housewarming,5
fund,5
international,5
investment,5
rope,5
allergy,5
tenure,5
goddess,5
suds,5
orthodontist,5
crust,5
naughty,5
winter,5
clam,5
stroke,5
poet,4
scale,4
wrestle,4
insanely,4
accomplish,4
han,4
handy,4
tinkle,4
wishbone,4
sum,4
roam,4
occasionally,4
establish,4
n,4
discomfort,4
billion,4
web,4
tweezer,4
spark,4
planner,4
critic,4
false,4
hickey,4
mailbox,4
believable,4
annul,4
punk,4
hopeless,4
applicant,4
dime,4
suede,4
accountant,4
mighty,4
thirsty,4
bologna,4
suspicious,4
simply,4
ladyfinger,4
refuse,4
juggle,4
weather,4
tow,4
spec,4
flayers,4
meanwhile,4
blackout,4
habit,4
pose,4
scientific,4
sentiment,4
design,4
lawfully,4
newsletter,4
alcoholic,4
violate,4
guide,4
isolation,4
demand,4
ladle,4
hon,4
poppy,4
intrigue,4
airplane,4
handwrite,4
ass,4
suitcase,4
canvas,4
vent,4
weirdo,4
yore,4
dairy,4
wiggle,4
irony,4
seek,4
flaw,4
tease,4
shift,4
rodeo,4
scan,4
disappear,4
beast,4
crisis,4
elf,4
prettier,4
goal,4
improve,4
nuclear,4
paperwork,4
liar,4
doggy,4
represent,4
medium,4
violent,4
tuxedo,4
aloof,4
envy,4
fuzzy,4
happily,4
personally,4
homemade,4
threshold,4
burp,4
plug,4
arrogant,4
flaky,4
keeper,4
fence,4
spaghetti,4
western,4
blueberry,4
trot,4
meaningful,4
celtic,4
joe,4
excitement,4
recover,4
tummy,4
feast,4
lion,4
progress,4
identify,4
videotape,4
despite,4
crystal,4
racket,4
territory,4
swordfish,4
statement,4
bro,4
secretary,4
preview,4
chorus,4
maniac,4
cherry,4
complex,4
biology,4
compartment,4
drama,4
oppose,4
gag,4
currently,4
load,4
mobile,4
cutest,4
inner,4
quietly,4
mock,4
irish,4
nauseous,4
grandpa,4
mold,4
reaction,4
sibling,4
clog,4
musician,4
godfather,4
mustard,4
observe,4
popcorn,4
ginger,4
yank,4
joshua,4
yemen,4
elegant,4
belgian,4
crud,4
kook,4
fa,4
awfully,4
powder,4
comb,4
average,4
chiropractor,4
beloved,4
loaf,4
tuck,4
hay,4
episode,4
atlas,4
smash,4
louder,4
thread,4
spite,4
slowly,4
bark,4
secure,4
prank,4
shrimp,4
fairly,4
dot,4
reschedule,4
tragic,4
concentric,4
mash,4
memo,4
military,4
lab,4
prize,4
raccoon,4
inform,4
hum,4
peephole,4
fertility,4
drill,4
exception,4
journey,4
beam,4
thick,4
snake,4
storm,4
jackass,4
fart,4
courtesy,4
japanese,4
exotic,4
realtor,4
entice,4
commando,4
german,4
widow,4
scissor,4
alley,4
psychiatrist,4
unavailable,4
bookstore,4
movement,4
necessarily,4
battery,4
bud,4
escrow,4
university,4
height,4
macho,4
harsh,4
drift,4
chapel,4
headset,4
diary,4
liquor,4
admirer,4
basis,4
singer,4
opener,4
north,4
funnier,4
chump,4
penguin,4
horseback,4
tarantula,4
within,4
ground,4
bit,4
devastate,4
pit,4
grip,4
handful,4
polish,4
custody,4
jeopardize,4
dirt,4
pesto,4
complaint,4
document,4
impulsive,4
pyramid,4
method,4
fewer,4
electricity,4
tiara,4
dictionary,4
lovable,4
espresso,4
co,4
engine,4
condo,4
estate,4
wolf,4
kiddo,4
humidity,4
homework,4
moo,4
main,4
river,4
craziest,4
definite,4
knot,4
iosep,4
pedicure,4
coaster,4
salami,4
quiche,4
ordinary,4
rash,4
razor,4
passionate,4
steady,4
fox,4
moisturizer,4
ridiculously,4
equally,4
column,4
greeter,4
burst,4
squirt,4
ability,4
champ,4
fained,4
assure,4
towards,4
capsule,4
bossy,4
immature,4
crumb,4
novel,4
horribly,4
entertain,4
souvenir,4
gown,4
spooky,4
error,4
jingle,4
surround,4
jeez,4
hoe,4
slight,4
journal,4
boundary,4
reconfiguration,4
altogether,4
lea,4
mellow,4
telescope,4
gladiator,4
integrity,4
flavor,4
portion,4
honestly,4
midterm,4
cinnamon,4
mastodon,4
conventional,4
pantyhose,4
whichever,4
feminine,4
juicy,4
steer,4
rum,4
babysitting,4
inspire,4
joyous,4
vase,4
baggage,4
bugger,4
lurk,4
fifteen,4
adore,4
auction,4
technical,4
hollow,4
whiny,4
individual,4
chopstick,4
cowgirl,4
heartbeat,4
sissy,4
tattler,4
struggle,4
profile,4
licorice,4
masculine,4
babysitter,4
silliness,4
max,4
moral,4
reasonable,4
sleeper,4
condition,4
ketchup,4
eater,4
dismiss,4
owner,4
stereo,4
policy,4
detective,4
provide,4
aha,4
strict,4
recent,4
inn,4
compete,4
hanger,4
brutal,4
society,4
stew,4
celery,4
tin,4
ding,4
pearl,4
mentally,4
misery,4
extinct,4
thigh,4
relive,4
christmas,4
stalk,4
babysit,4
alphabet,4
gallon,4
imagination,4
phi,4
dart,4
lease,4
laughter,4
tampon,4
crowd,4
perfection,4
fellow,4
helmet,4
thesaurus,4
yo,4
rearrange,4
messy,3
mai,3
deeper,3
tackle,3
rust,3
sour,3
filthy,3
orgasm,3
pattern,3
seduction,3
smarter,3
heal,3
nacho,3
centerpiece,3
weep,3
sticker,3
versus,3
costar,3
brood,3
fluff,3
grief,3
baddest,3
length,3
political,3
chunk,3
offend,3
dodge,3
folder,3
bandage,3
ordain,3
furry,3
oath,3
correctly,3
vamp,3
reunion,3
stab,3
lurker,3
marvel,3
snooze,3
seal,3
handyman,3
suburb,3
intelligence,3
village,3
usage,3
puff,3
envelope,3
chart,3
shed,3
ch,3
soundproof,3
mistletoe,3
casually,3
workout,3
geeky,3
cape,3
attend,3
storage,3
limerick,3
feature,3
abuse,3
accuse,3
digital,3
tragedy,3
shield,3
betroth,3
heps,3
dealership,3
lemon,3
cervix,3
pray,3
rug,3
valid,3
soothe,3
diner,3
pajama,3
lottie,3
puberty,3
east,3
pine,3
joker,3
clobber,3
motion,3
mumble,3
pillowcase,3
moth,3
elephant,3
mince,3
symbol,3
disconnect,3
ant,3
puke,3
doorknob,3
government,3
comprehend,3
bartender,3
interestingly,3
temp,3
upbeat,3
sacrifice,3
hoot,3
exquisite,3
straightener,3
dingus,3
unattended,3
abysmal,3
christen,3
activity,3
cheapest,3
buick,3
stupidest,3
yuck,3
guilt,3
errand,3
cantaloupe,3
slack,3
glamorous,3
unlikely,3
confession,3
pepperoni,3
budget,3
critical,3
teen,3
rocket,3
bounce,3
shelf,3
stepfather,3
freshen,3
supposedly,3
verb,3
topless,3
scratchy,3
cruller,3
calendar,3
terrace,3
release,3
coleslaw,3
lounge,3
website,3
receiver,3
goober,3
nursery,3
peeper,3
eel,3
vividly,3
beet,3
protective,3
freckle,3
ethical,3
carcass,3
mute,3
talus,3
inhospitable,3
headhunter,3
platoon,3
disrupt,3
odd,3
loyal,3
slightly,3
microphone,3
cubicle,3
earplug,3
cycle,3
safely,3
nora,3
helper,3
sheep,3
butler,3
elope,3
medallion,3
timer,3
weirder,3
smug,3
sewage,3
icky,3
topic,3
squeaky,3
questionable,3
devil,3
tender,3
crook,3
soundtrack,3
spice,3
potpourri,3
grace,3
moist,3
ex,3
exclusive,3
sediment,3
emotionally,3
daredevil,3
curb,3
visual,3
treasure,3
valentine,3
chipper,3
reverse,3
tourist,3
atmosphere,3
rise,3
wicker,3
shrew,3
unlike,3
wimpy,3
capture,3
prisoner,3
scrappy,3
creature,3
payer,3
microwave,3
chess,3
revenge,3
sheer,3
carat,3
gear,3
visitor,3
occasional,3
pooped,3
intimate,3
scholarship,3
formula,3
halfway,3
woo,3
mary,3
feather,3
monologue,3
couscous,3
mechanic,3
restrain,3
spanish,3
shallot,3
spicy,3
motto,3
bridal,3
explosion,3
p,3
dye,3
unattractive,3
cheeseburger,3
tortilla,3
turtleneck,3
maker,3
foam,3
landlord,3
remedy,3
aboard,3
sprout,3
justice,3
saltwater,3
swan,3
yawn,3
surgeon,3
maneuver,3
wrist,3
wedge,3
metal,3
protection,3
bicycle,3
slower,3
employee,3
emotion,3
intellectual,3
predator,3
likely,3
talker,3
reflex,3
extremely,3
brew,3
amish,3
intimacy,3
celebration,3
sleigh,3
heave,3
fuel,3
failure,3
national,3
filter,3
shellfish,3
nonetheless,3
valuable,3
brace,3
flat,3
oboe,3
dealer,3
authentic,3
nickel,3
mets,3
respond,3
magician,3
dignity,3
likewise,3
terminal,3
zoom,3
maple,3
den,3
eighth,3
unlock,3
evict,3
sober,3
spontaneous,3
ancient,3
corn,3
european,3
indeed,3
corsage,3
rhythm,3
knit,3
terribly,3
paste,3
stitch,3
windshield,3
risky,3
petri,3
rossy,3
tarter,3
zip,3
cluster,3
resume,3
sexier,3
attorney,3
freshman,3
awareness,3
downtown,3
irresponsible,3
virginity,3
outgo,3
skull,3
finalist,3
troll,3
stud,3
limo,3
cucumber,3
mischievous,3
voluntarily,3
shaker,3
title,3
irresistible,3
handbag,3
plunge,3
anyhow,3
albino,3
cruise,3
rabies,3
deck,3
jenny,3
division,3
unbearable,3
tranquilizer,3
mayonnaise,3
jog,3
determine,3
selection,3
easygoing,3
madness,3
implant,3
psychology,3
nicely,3
surrogacy,3
motorcycle,3
effectively,3
pole,3
central,3
dash,3
marijuana,3
dreamy,3
omelet,3
goalie,3
mushroom,3
plague,3
biblical,3
spectacular,3
internship,3
reduce,3
chamomile,3
supposable,3
grease,3
crouch,3
faining,3
freshly,3
botanist,3
generally,3
intermission,3
hypnosis,3
fungus,3
prince,3
inseam,3
youngest,3
freakishly,3
stable,3
lapse,3
stave,3
proudly,3
noon,3
calamari,3
pane,3
verse,3
console,3
regional,3
stunt,3
cola,3
blender,3
anonymous,3
checkout,3
request,3
manly,3
sloppy,3
translator,3
excessive,3
denise,3
arouse,3
terrify,3
grove,3
carve,3
roe,3
fiancé,3
fetch,3
housekeeper,3
obsession,3
unstable,3
gray,3
glaucoma,3
anchovy,3
refill,3
scrum,3
martini,3
exit,3
weekly,3
standard,3
hippie,3
theoretically,3
alumnus,3
playmate,3
doctoral,3
property,3
bush,3
skit,3
residence,3
hood,3
laminate,3
counselor,3
sympathy,3
commission,3
bock,3
rage,3
fare,3
flit,3
oops,3
leftover,3
colonial,3
mechanism,3
decorator,3
declare,3
itchy,3
swerve,3
kingdom,3
trainer,3
retract,3
conscious,3
phenomenal,3
eliminate,3
intuitive,3
goo,3
tally,3
ornament,3
hut,3
bladder,3
veil,3
expand,3
specimen,3
emu,3
lunge,3
scum,3
sorority,3
expense,3
golden,3
buzzer,3
backhand,3
pivot,3
initiate,3
cone,3
coolest,3
kangaroo,3
mitzvah,3
rebuild,3
rabbi,3
surrogate,3
dread,3
botch,3
confess,3
tarragon,3
sub,3
venture,3
spasm,3
announcement,3
cheesy,3
adventure,3
inseparable,3
steep,3
particle,3
march,3
everyday,3
projectile,3
metaphor,3
significant,3
scalp,3
root,3
arcade,3
entrance,3
wholesome,3
brochure,3
gin,3
laser,3
infomercial,3
officiate,3
aura,3
sidestep,3
ugliest,3
categorize,3
grandparent,3
cord,3
kite,3
poultry,3
taller,3
tune,3
sketch,3
combine,3
blurry,3
sabotage,3
curly,3
nonsmoker,3
vice,3
dumpster,3
cootie,3
orchard,3
frigging,3
eligible,3
tab,3
fort,3
wardrobe,3
testicle,3
mitten,3
pub,3
oldest,3
kindle,3
daytime,3
closeness,3
usual,3
sciatic,3
draft,3
lad,3
redo,3
ines,3
inspector,3
dwarf,3
bribe,3
porsche,3
genuinely,3
abandonment,3
tonsil,3
exposure,3
loin,3
hunger,3
ideal,3
delicate,3
sophie,3
racist,3
karma,3
boogie,3
bitter,3
delay,3
kitten,3
farmer,3
pastrami,3
confidence,3
marker,3
conduct,3
saliva,3
annual,3
chic,3
una,3
saver,3
toughest,3
dust,3
cancellation,3
sitter,3
heath,3
pause,3
surface,3
rookie,3
cd,3
reality,3
purifier,3
payment,3
cranky,3
roast,3
deadline,3
nighttime,3
laboratory,3
tad,3
bay,3
fond,3
ritual,3
topping,3
stoop,3
formerly,3
planetarium,3
primary,3
mayo,3
cuddly,3
bellybutton,3
wheel,3
falafel,3
jaw,3
acknowledge,3
seventh,3
conquer,3
modern,3
peg,3
bathtub,3
sewer,3
monster,3
alike,2
classified,2
wee,2
volleyball,2
wedlock,2
deli,2
hammock,2
stupidly,2
gotcha,2
erotic,2
communicate,2
amy,2
rebound,2
widower,2
hasty,2
funky,2
reserve,2
partially,2
prompt,2
remarkable,2
overall,2
raisin,2
thorough,2
mayor,2
erotica,2
potluck,2
snowy,2
cocoa,2
obituary,2
jinx,2
permanent,2
exterior,2
substitute,2
cannon,2
savage,2
curry,2
reveal,2
israel,2
utility,2
teamwork,2
medal,2
border,2
reconsider,2
untangle,2
motility,2
peep,2
unnatural,2
horoscope,2
flag,2
glimpse,2
bouillabaisse,2
knapsack,2
diplomat,2
silk,2
smoker,2
overseas,2
cheaper,2
manipulative,2
inspect,2
hamper,2
glare,2
impersonal,2
appearance,2
remake,2
smoky,2
reform,2
contain,2
rapist,2
gee,2
daiquiri,2
painkiller,2
crank,2
divisional,2
estimate,2
yankee,2
blindness,2
vertical,2
impulse,2
shredder,2
obey,2
lazy,2
campaign,2
taint,2
jackpot,2
skulk,2
update,2
boo,2
showroom,2
inexcusable,2
noticeable,2
bobby,2
consolation,2
promotion,2
deathbed,2
acrimonious,2
lox,2
garter,2
eggplant,2
barium,2
cupboard,2
enemy,2
spritzer,2
proof,2
extent,2
confront,2
symbolism,2
instructor,2
darker,2
frank,2
detergent,2
brighter,2
desert,2
mainsail,2
meter,2
stretchy,2
session,2
consumer,2
dearer,2
ethan,2
weepy,2
deprive,2
fountain,2
rocky,2
videophone,2
sanctity,2
courtroom,2
pubic,2
homo,2
corny,2
patio,2
pillar,2
bonfire,2
cornea,2
tarnish,2
dense,2
appetite,2
rabid,2
bolt,2
plot,2
nonchalant,2
fussy,2
alternative,2
urethra,2
humdinger,2
variegation,2
narrator,2
branch,2
eyesore,2
massager,2
photograph,2
aggressive,2
sunburn,2
pager,2
stapler,2
unclog,2
lifelike,2
feminism,2
revel,2
olympics,2
reluctant,2
sycophant,2
mindless,2
raid,2
nightclub,2
iffy,2
partial,2
novelty,2
creeper,2
shuttle,2
legal,2
bathe,2
marshmallow,2
equipment,2
macaroon,2
furnish,2
carriage,2
haggle,2
overnight,2
steamy,2
overprice,2
abnormality,2
financially,2
incompetent,2
caesar,2
tasteful,2
shade,2
hoopla,2
regard,2
eavesdrop,2
gerbil,2
description,2
nation,2
showgirl,2
wildly,2
stinky,2
vulva,2
petite,2
brightest,2
brand,2
dew,2
nominee,2
socket,2
frankly,2
sadder,2
mascara,2
mammy,2
specially,2
ninja,2
betcha,2
generate,2
threefold,2
teller,2
lifeguard,2
straw,2
occupy,2
extract,2
site,2
veterinarian,2
illegally,2
entrust,2
dent,2
opium,2
quantity,2
simulate,2
transmission,2
puddle,2
anecdote,2
internet,2
cabdriver,2
unload,2
circus,2
heck,2
politics,2
duh,2
barley,2
coulées,2
tar,2
teapot,2
increase,2
immigration,2
prototype,2
ace,2
concrete,2
dough,2
nakedness,2
scrunchies,2
enormous,2
squint,2
presence,2
sliver,2
bravo,2
unconscious,2
julienne,2
meddle,2
waistband,2
garden,2
wisely,2
fetus,2
tenant,2
thief,2
brilliance,2
campus,2
battle,2
childless,2
cosed,2
approval,2
lodge,2
rejoin,2
freakish,2
pharmacy,2
disappointment,2
shorty,2
ladybug,2
burial,2
minimum,2
facility,2
differ,2
abbey,2
holy,2
ii,2
saucy,2
bedtime,2
transportation,2
beforehand,2
toughen,2
slash,2
fixable,2
thinker,2
candlelight,2
dimple,2
jury,2
picky,2
sautéed,2
pompous,2
tickle,2
neurologist,2
studio,2
blackberry,2
magnetism,2
irrational,2
admission,2
liam,2
burden,2
mourn,2
projector,2
rethink,2
harbor,2
dada,2
wiener,2
attentive,2
ruffle,2
hypothetical,2
endear,2
opposable,2
liver,2
madame,2
conditioner,2
vault,2
commence,2
crotchless,2
electromagnetic,2
function,2
supervision,2
clarinet,2
bifocals,2
development,2
veto,2
hideous,2
trio,2
pucking,2
impartial,2
tilly,2
clarify,2
newfound,2
jolly,2
sailboat,2
chili,2
distillation,2
devote,2
preference,2
zipper,2
destiny,2
scrape,2
bumpy,2
iain,2
orbit,2
illness,2
enunciate,2
expert,2
thieve,2
absorb,2
documentary,2
distinctly,2
qualification,2
renter,2
faint,2
prescription,2
quickie,2
magically,2
strictly,2
cocky,2
ammonia,2
trigger,2
pansy,2
dim,2
clench,2
burrito,2
chief,2
flesh,2
current,2
candidate,2
vulnerability,2
denim,2
lamb,2
transponder,2
ab,2
understudy,2
acquaint,2
silverware,2
forfeit,2
obsolete,2
firework,2
rus,2
worship,2
haul,2
profession,2
overdress,2
tombstone,2
parachute,2
heighten,2
en,2
broad,2
tepid,2
specifically,2
punishment,2
obligate,2
advise,2
beverage,2
spackle,2
aortic,2
junk,2
retire,2
blower,2
squat,2
pope,2
recognition,2
pricey,2
pantsuit,2
satin,2
musket,2
consequence,2
ridicule,2
relish,2
herd,2
peck,2
treatment,2
troop,2
pecan,2
ode,2
trampoline,2
bizarre,2
comeback,2
fy,2
hiss,2
statistic,2
portrayal,2
wig,2
coyote,2
unable,2
leaf,2
pushy,2
download,2
mercy,2
heroin,2
snowman,2
mild,2
appal,2
subtle,2
tim,2
frizzy,2
retain,2
pharmaceutical,2
casket,2
chickened,2
enthusiastic,2
foothill,2
organ,2
overcoat,2
midget,2
sadly,2
mi,2
halftime,2
legend,2
ditz,2
rinse,2
glance,2
disguise,2
commute,2
nonfat,2
doom,2
profit,2
aerobics,2
sulk,2
inflict,2
dental,2
preparation,2
irritate,2
snowstorm,2
fulfill,2
oversleep,2
buttock,2
sou,2
scarier,2
tenderness,2
poorly,2
knack,2
houseboy,2
clingy,2
thy,2
paolo,2
france,2
encyclopedia,2
closely,2
scariest,2
pimple,2
crew,2
minion,2
curator,2
infect,2
teddy,2
mistress,2
ultimate,2
author,2
equal,2
bummer,2
creation,2
yup,2
invisibility,2
sexiest,2
luau,2
surfer,2
frat,2
neurotic,2
passenger,2
foul,2
sicker,2
analysis,2
burlesque,2
merge,2
expose,2
mislead,2
wondrous,2
enema,2
bearnaise,2
sexist,2
adjust,2
eleven,2
linen,2
efficient,2
th,2
aptitude,2
humanity,2
controversial,2
cremate,2
harpist,2
sleazy,2
breeze,2
rag,2
compulsive,2
ouch,2
demon,2
yarn,2
shortly,2
absolute,2
maturity,2
alter,2
relocate,2
publicity,2
easiest,2
snooty,2
lug,2
amazingly,2
bouncy,2
macadamize,2
blimp,2
uneven,2
masculinity,2
gentry,2
nostril,2
yikes,2
embolism,2
decoration,2
rod,2
discovery,2
greater,2
cam,2
particularly,2
softest,2
headrest,2
bun,2
sexuality,2
birdie,2
notch,2
tug,2
discipline,2
fundamentally,2
alien,2
cloud,2
recur,2
tinfoil,2
lesser,2
mammoth,2
holocaust,2
medieval,2
hibachi,2
tyrannosaurus,2
twirly,2
dialect,2
soy,2
highway,2
additional,2
moor,2
ruler,2
knickers,2
army,2
amphibian,2
butcher,2
appliance,2
opponent,2
whatsoever,2
fame,2
coho,2
recast,2
throne,2
insensitive,2
immediately,2
birdcage,2
repercussion,2
stub,2
somewhat,2
blaster,2
unfinished,2
spatula,2
toothpick,2
translate,2
cobb,2
microscope,2
nerd,2
stomp,2
facial,2
injury,2
fade,2
indoor,2
minimal,2
ophthalmologist,2
grave,2
minsk,2
rack,2
revolution,2
spat,2
ruble,2
shove,2
jeepers,2
outlet,2
greedy,2
adolescent,2
mahogany,2
complimentary,2
extend,2
objectively,2
sword,2
moose,2
vince,2
caution,2
phenomenon,2
pep,2
drool,2
fighter,2
lightly,2
triumph,2
delight,2
stability,2
cloth,2
sidecar,2
colorful,2
sonic,2
homeless,2
literature,2
union,2
marga,2
regina,2
replica,2
babble,2
multiple,2
disk,2
fest,2
tare,2
lure,2
supermodel,2
arrangement,2
velvet,2
shriek,2
marlon,2
backstage,2
herbivore,2
temperature,2
chameleon,2
pageant,2
badder,2
hone,2
homesick,2
superficial,2
stifle,2
regatta,2
budge,2
erogenous,2
hyphen,2
geography,2
chimp,2
approach,2
charcoal,2
feces,2
wonderfully,2
muse,2
compass,2
pamphlet,2
vowel,2
heterosexual,2
kneed,2
slippery,2
delicates,2
slim,2
ivory,2
container,2
trivia,2
loner,2
bi,2
victorian,2
unleash,2
untrue,2
kathy,2
appoint,2
sterile,2
hardball,2
associate,2
tat,2
torment,2
freebie,2
galaxy,2
casino,2
frog,2
cornrows,2
object,2
sparky,2
element,2
dedicate,2
carnivore,2
rattle,2
greed,2
jimmy,2
whoop,2
footage,2
takeout,2
equity,2
torch,2
geology,2
doodle,2
dire,2
horizontal,2
submarine,2
aquarium,2
civil,2
virtually,2
basil,2
temper,2
groundwork,2
eaves,2
mugger,2
eager,2
slipper,2
reunite,2
salsa,2
ottoman,2
asian,2
brake,2
researcher,2
chandelier,2
shotgun,2
eagle,2
goldfish,2
sunset,2
saline,2
relinquish,2
mini,2
shrill,2
greasy,2
knuckle,2
mosey,2
loudly,2
sidekick,2
diagnostician,2
weakling,2
surf,2
definition,2
bathrobe,2
reckless,2
dorm,2
radioactive,2
slimmer,2
pry,2
sly,2
financial,2
proceed,2
brick,2
atomic,2
platter,2
nonsense,2
rec,2
impact,2
precision,2
chuckle,2
sabbatical,2
dangle,2
intently,2
epic,2
strawberry,2
kiev,2
slave,2
superhero,2
intravenous,2
headdress,2
possession,2
ramble,2
coast,2
hypnotize,2
mingle,2
testify,2
endless,2
butch,2
torte,2
lollipop,2
alimony,2
pogo,2
bookend,2
au,2
overweight,2
listener,2
lane,2
nutmeg,2
filth,2
closest,2
chitchat,2
essential,2
aversion,2
graze,2
dummy,2
mass,2
parasite,2
litigious,2
squash,2
feat,2
mannequin,2
ram,2
quote,2
poach,2
reward,2
headline,2
parlor,2
vintage,2
anthropologist,2
mies,2
slather,2
liberty,2
breakthrough,2
yasmin,2
varnish,2
testament,2
balm,2
scrabble,2
clinical,2
knight,2
ballpark,2
swamp,2
overdue,2
overview,2
terrorist,2
stomachache,2
backyard,2
pectin,2
kiddie,2
peaceful,2
overly,2
sew,2
bidder,2
dissertation,2
vendor,2
quartet,2
pretentious,2
unsuitable,2
lettuce,2
pawn,2
burner,2
rapidly,2
disposable,2
tablecloth,2
righteous,2
jalapeño,2
recollection,2
tempt,2
matrimony,2
haven,2
value,2
orchid,2
ye,2
shelly,2
pct,2
foreign,2
depression,2
subatomic,2
eternity,2
whew,2
nancy,2
transition,2
simper,2
crummies,2
purr,2
inflatable,2
classmate,2
ante,2
command,2
seesaw,2
chant,2
persuade,2
chirp,2
brief,2
stern,2
weakness,2
foolish,2
bode,2
itch,2
rogue,2
radiant,2
solo,2
audio,2
lottery,2
fiasco,2
nana,2
grammar,2
shine,2
astronaut,2
playground,2
iceberg,2
phobia,2
cilantro,2
millennium,2
von,2
messenger,2
pitcher,2
toiletry,2
newsstand,2
rematch,2
hostage,2
slam,2
newly,2
jock,2
edit,2
copywriter,2
dud,2
syllable,2
syrup,2
dingy,2
peel,2
fin,2
sweatshirt,2
snippy,2
traumatic,2
ella,2
enthusiasm,2
pastor,2
confusion,2
evidence,2
pilot,2
portuguese,2
banner,2
conversational,2
thorn,2
congratulate,2
phew,2
sadness,2
bagpipe,2
flood,2
da,2
diaphragm,2
antenna,2
fuss,2
seclude,2
hairline,2
lust,2
smear,2
merriment,2
rarely,2
neutral,2
highly,2
drumstick,2
grope,2
conclusion,2
fanny,2
dislike,2
signature,2
intend,2
internal,2
sniffle,2
entitle,2
mime,2
horror,2
industry,2
region,2
execute,2
prayer,2
reattach,2
yea,2
finis,2
cyborg,2
explore,2
gonorrhea,2
embrace,2
chaotic,2
scrub,2
luckily,2
mow,2
network,2
hitchhiker,2
dorky,2
chatter,2
snuggle,2
outset,2
villager,2
fiancée,2
bitterest,2
makeover,2
headboard,2
mignon,2
transmit,2
tart,2
technicality,2
mindset,2
craze,2
insect,2
barnyard,2
west,2
giver,2
ash,2
academic,2
flashback,2
express,2
freelance,2
peasant,2
fies,2
eyeball,2
universal,2
beaker,2
swirl,2
sidewalk,2
embarrassment,2
memorable,2
recall,2
milkshake,2
shelter,2
peacock,2
skylight,2
brighten,2
applaud,2
possum,2
misty,2
invoice,2
palm,2
genuine,2
overboard,2
unborn,2
spank,2
forehead,2
grill,2
shabby,2
survivor,2
ursula,2
apricot,2
sponsor,2
stealer,2
limb,2
unplug,2
bast,2
passage,2
setting,2
crumble,2
fudge,2
unsettle,2
hunk,2
fishnet,2
joanna,2
gauze,2
eric,2
rewind,2
procedure,2
erection,2
weave,2
flanging,2
retainer,2
seminar,2
minor,2
playoff,2
tweeze,2
codependent,2
potential,2
timetable,2
salesman,2
leap,2
embassy,2
protest,2
evolve,2
conceal,2
lid,2
smoothest,2
flashy,2
insemination,2
squirmy,2
appeal,2
productive,2
unsuccessful,2
burly,2
gremlin,2
hazelnut,2
homeroom,2
resentment,2
gawk,2
telethon,2
shallow,2
renew,2
duncan,2
thermos,2
auditorium,2
evidently,2
broadcast,1
quitter,1
lightheaded,1
rename,1
boyish,1
phony,1
bulge,1
ired,1
sunshine,1
range,1
sloppiness,1
stagger,1
teat,1
mull,1
disregard,1
knockout,1
feisty,1
brisk,1
louse,1
looper,1
beetle,1
aircraft,1
temporal,1
embark,1
partied,1
remarkably,1
bloat,1
freudian,1
lovemaking,1
wheelchair,1
fullest,1
wiseacre,1
giddy,1
toothpaste,1
complication,1
blister,1
newfangled,1
bamboo,1
recline,1
unprofessional,1
asteroid,1
artichoke,1
collapse,1
flask,1
unwanted,1
vaginal,1
reindeer,1
amenity,1
manuscript,1
showcased,1
resign,1
sculpt,1
midlife,1
fuse,1
detain,1
periscope,1
prague,1
baptism,1
redye,1
engineer,1
impersonate,1
tepee,1
dialer,1
woozy,1
bumper,1
fairest,1
liberate,1
yearly,1
g,1
unsupported,1
aftertaste,1
paw,1
weaponry,1
ageist,1
corporation,1
beck,1
latest,1
fossilize,1
icy,1
deodorant,1
clumsy,1
kneel,1
dna,1
reputation,1
grieve,1
divulge,1
flail,1
tiffany,1
gunpoint,1
luxury,1
textbook,1
courthouse,1
stumble,1
cherish,1
trunk,1
braid,1
rehab,1
bloodbath,1
sexless,1
skittish,1
metaphorically,1
nondairy,1
compensate,1
heckle,1
sanction,1
streak,1
upcoming,1
aftershave,1
bonehead,1
uplift,1
giraffe,1
household,1
supremely,1
maintain,1
unicorn,1
simpler,1
dominate,1
wrest,1
marmalade,1
fraud,1
afterwards,1
grub,1
ultimately,1
southern,1
smolder,1
dollop,1
participate,1
breathtaking,1
mimosa,1
vaguely,1
confiscation,1
tabulate,1
milieu,1
oral,1
creative,1
ironically,1
perishable,1
interchangeable,1
communicable,1
void,1
laddie,1
deity,1
tent,1
yodel,1
panther,1
defrost,1
abrasive,1
amnesia,1
gassy,1
offbeat,1
stray,1
colon,1
kilt,1
messier,1
bisexual,1
rainbow,1
interactive,1
lag,1
recorder,1
spotlight,1
dormer,1
cutely,1
integral,1
unhappiness,1
rapid,1
raymond,1
pert,1
ideally,1
buttery,1
whisker,1
rehiring,1
stir,1
unpaid,1
cashmere,1
perceptive,1
childbirth,1
lira,1
maul,1
haphazard,1
discredit,1
manhandle,1
halloween,1
pigtail,1
sachet,1
overcharge,1
airhead,1
crease,1
engrave,1
neckline,1
murderer,1
artifact,1
swoosh,1
resolve,1
pout,1
mouthful,1
deluxe,1
eggshell,1
distasteful,1
bracken,1
orientation,1
ficus,1
buffy,1
guava,1
outdoors,1
jake,1
principal,1
buckle,1
dome,1
descend,1
pedantic,1
loathe,1
artwork,1
scoot,1
entail,1
eclipse,1
repulse,1
gavin,1
convertible,1
dandruff,1
ceramic,1
arrogance,1
typographical,1
soapiest,1
nick,1
excavate,1
cult,1
sizable,1
londoner,1
bijou,1
dolphin,1
thinnest,1
doc,1
rapport,1
frankie,1
groupie,1
seamstress,1
dainty,1
blacksmith,1
cube,1
asparagus,1
immigrant,1
skedaddle,1
distribute,1
wavy,1
asthma,1
sickie,1
ridge,1
matchmaker,1
radiocarbon,1
nowadays,1
congressman,1
wimp,1
employ,1
faucet,1
liquored,1
bull,1
kinky,1
bubs,1
bloodhound,1
saddlebag,1
effervesce,1
processional,1
breakaway,1
millionth,1
perceive,1
servant,1
fatso,1
cutoff,1
manageable,1
grunt,1
acne,1
evolutionary,1
vascular,1
cling,1
babysat,1
blowout,1
jockstrap,1
emerald,1
collective,1
toothless,1
liquid,1
minx,1
smock,1
lingo,1
batter,1
lycra,1
savor,1
barb,1
bathmat,1
gritter,1
ruse,1
agreement,1
thirst,1
shropshire,1
moonlit,1
cooperation,1
billboard,1
satisfaction,1
vivid,1
enlighten,1
standby,1
sadden,1
proofread,1
cello,1
clydesdale,1
mansion,1
invade,1
fascist,1
fiddle,1
dung,1
wheat,1
bedspring,1
manger,1
lipper,1
rustic,1
biceps,1
cachet,1
kicky,1
sincerely,1
bunt,1
innate,1
palmolive,1
washboard,1
executor,1
boccie,1
moisten,1
rambunctious,1
refection,1
architect,1
wok,1
moody,1
superb,1
stroll,1
thirty,1
soberly,1
wingman,1
felicity,1
bare,1
prestigious,1
talkie,1
elusive,1
trimester,1
disposal,1
menage,1
ovulation,1
soggy,1
synthetic,1
monogamy,1
drake,1
painterly,1
limitation,1
groove,1
sauna,1
daily,1
misshapen,1
refusal,1
saffron,1
schmooze,1
impromptu,1
locker,1
cultivate,1
succeed,1
befall,1
hazard,1
bash,1
preoccupy,1
declaration,1
unknowable,1
dressier,1
loosely,1
logo,1
twirler,1
knockoff,1
playpen,1
talkative,1
hygienist,1
shorten,1
smirk,1
dreadful,1
overshadow,1
resemblance,1
intricate,1
morph,1
twig,1
mona,1
dewy,1
pterodactyl,1
nocturnal,1
snoop,1
roadside,1
drip,1
sturdier,1
ounce,1
gamble,1
rhonda,1
lucifer,1
exhibit,1
nicker,1
putty,1
demean,1
baguette,1
duplex,1
grotesquely,1
ugli,1
bundle,1
gunman,1
bongo,1
entry,1
innuendo,1
predicament,1
reek,1
umbrella,1
sunrise,1
wonderfulness,1
vatican,1
royal,1
manner,1
wholesale,1
spritz,1
oversizing,1
stubborn,1
reminisce,1
inquiry,1
passionately,1
brilliantly,1
tarp,1
scuff,1
plumber,1
plum,1
quilt,1
diarrhea,1
locate,1
static,1
grandkid,1
lecturer,1
panhandle,1
spacecraft,1
athletic,1
originally,1
profess,1
presently,1
payback,1
hound,1
radar,1
hive,1
debate,1
grin,1
fright,1
yowl,1
furious,1
posterior,1
nina,1
famine,1
sicko,1
eulogy,1
trooper,1
reseller,1
decorum,1
software,1
pinhead,1
chopper,1
precaution,1
taxonomic,1
upstage,1
tidy,1
wit,1
mesquite,1
psyche,1
binoculars,1
potholder,1
wonderment,1
strep,1
secrecy,1
ammunition,1
granola,1
fume,1
cricket,1
apparent,1
economy,1
verbal,1
restrung,1
submission,1
fertilize,1
gigantic,1
electrical,1
magnificent,1
licit,1
caregiver,1
curiously,1
retraction,1
bionic,1
snort,1
lesbianism,1
contraceptive,1
chateau,1
sequoia,1
monarch,1
rediscover,1
romancer,1
antiquity,1
anvil,1
violence,1
swimsuit,1
shrewdly,1
ditto,1
fluorescent,1
lewd,1
separator,1
todd,1
moisture,1
shuffleboard,1
shiver,1
unfreeze,1
flatness,1
genitals,1
anatomically,1
hunter,1
rep,1
merchandise,1
equator,1
touristy,1
glitter,1
realm,1
igneous,1
spiritual,1
cretaceous,1
fingernail,1
wagon,1
clone,1
scram,1
formality,1
retard,1
uncover,1
nibble,1
nag,1
comfy,1
sowered,1
hypothesize,1
bunk,1
butternut,1
morale,1
supple,1
sedative,1
disability,1
avalanche,1
forearm,1
arrow,1
bronco,1
unpopular,1
efficiently,1
technology,1
reassure,1
nudge,1
appreciation,1
montana,1
surreal,1
plaid,1
porcupine,1
threat,1
incline,1
dumber,1
outrun,1
diversion,1
devoid,1
format,1
timmy,1
mucus,1
dumbest,1
sear,1
curvy,1
ymca,1
hitler,1
antibody,1
dusk,1
cattle,1
warranty,1
carpus,1
interior,1
intercourse,1
placenta,1
riboflavin,1
christian,1
breather,1
lade,1
efface,1
surety,1
gurney,1
compulsion,1
obesity,1
redecorate,1
monthly,1
primitive,1
shockingly,1
corps,1
sprain,1
uncontrollable,1
nasty,1
mocha,1
ambulance,1
exert,1
septum,1
administrator,1
cruet,1
deduct,1
biggie,1
meringue,1
announcer,1
bellman,1
etch,1
poppins,1
mannered,1
rollerblade,1
inhibition,1
spruce,1
getaway,1
hotness,1
manhood,1
bodyguard,1
tablespoon,1
performer,1
expressly,1
clunky,1
wad,1
lam,1
sateen,1
potassium,1
juggler,1
batman,1
egyptian,1
wager,1
interfere,1
sine,1
fauna,1
regiment,1
dysprosium,1
kamikaze,1
creator,1
armenian,1
bitterness,1
deferents,1
triangle,1
anyplace,1
toddler,1
substance,1
anchor,1
prepossess,1
insole,1
graham,1
sarah,1
income,1
harassment,1
wireless,1
sensation,1
simon,1
punchable,1
earthly,1
soother,1
fishy,1
godsend,1
weld,1
stall,1
secondary,1
arthritic,1
saltine,1
whiz,1
jersey,1
stat,1
architecture,1
piety,1
whale,1
ricochet,1
knickknack,1
bosh,1
slur,1
moderation,1
fastest,1
gelatinous,1
tribe,1
demographic,1
upscale,1
soapy,1
noose,1
eatable,1
explosive,1
caricaturist,1
arabian,1
asbestos,1
separation,1
avenge,1
bulb,1
pelvis,1
narrate,1
picket,1
tenth,1
enigma,1
jason,1
cooperate,1
bookcase,1
negotiation,1
impulsively,1
learner,1
trickle,1
unto,1
lightness,1
shiatsu,1
ecstatic,1
stipulation,1
earful,1
overrate,1
trashcans,1
biz,1
urinal,1
charisma,1
warmer,1
pinkie,1
downer,1
orderly,1
sunlight,1
brook,1
thrice,1
thump,1
erica,1
exhale,1
stylist,1
bimbo,1
combat,1
recital,1
unfaithful,1
overlap,1
salve,1
expressive,1
puncture,1
unscrew,1
voe,1
tress,1
acoustical,1
poisonous,1
gladly,1
rotten,1
blondie,1
repay,1
hasted,1
ballerina,1
latex,1
guidance,1
chipmunk,1
clerk,1
racial,1
statistical,1
chantal,1
conveniently,1
subconsciously,1
pianist,1
expiration,1
fitting,1
aby,1
produce,1
sniper,1
larger,1
civilization,1
baggy,1
bask,1
tower,1
dependency,1
clip,1
academy,1
curler,1
baste,1
demonstrate,1
fourteen,1
lilly,1
coal,1
crummy,1
wildness,1
sean,1
willpower,1
transaction,1
immaturity,1
plank,1
lifeboat,1
foliate,1
fruity,1
index,1
impart,1
improper,1
sidney,1
overprotective,1
spotless,1
hellhole,1
girlish,1
vessel,1
spinster,1
oddly,1
danglers,1
bu,1
broker,1
cellophane,1
yap,1
evaluate,1
hm,1
pier,1
gouge,1
sweatier,1
demo,1
panel,1
startle,1
reliant,1
twinkly,1
sleepover,1
mouthwash,1
statute,1
intestine,1
construction,1
foreword,1
impair,1
crybaby,1
cursory,1
incomparable,1
mangle,1
earlobe,1
skippy,1
dispense,1
sphinx,1
legless,1
sheriff,1
snarly,1
meddler,1
tweed,1
presumptuous,1
assort,1
dolly,1
beanbag,1
fictional,1
pacifier,1
seawater,1
hunky,1
typo,1
logical,1
profusion,1
energize,1
spongy,1
flowery,1
imitation,1
café,1
raggedy,1
anxious,1
clarity,1
synchronize,1
germ,1
nougat,1
funnily,1
disciplinarian,1
stegosaurus,1
umbel,1
cholesterol,1
hygiene,1
marge,1
archery,1
broil,1
shortbread,1
undying,1
metric,1
shaggy,1
volkswagen,1
blurt,1
resident,1
becker,1
ax,1
naturally,1
bondage,1
bribery,1
migrate,1
incisive,1
hoy,1
writhe,1
oprah,1
ultrasonic,1
subordinate,1
adjoin,1
childish,1
merchant,1
changer,1
hiders,1
octagon,1
jamb,1
pneumonia,1
immunize,1
decibel,1
craftsman,1
hostile,1
contagious,1
tremble,1
incorrect,1
guru,1
medication,1
spine,1
unsanitary,1
unscheduled,1
deejaying,1
chino,1
stooge,1
waterfall,1
doubly,1
smoother,1
karaoke,1
corp,1
vernacular,1
punctuate,1
manual,1
catastrophic,1
dungeon,1
boiler,1
disrespect,1
saddest,1
sergeant,1
cinema,1
upper,1
quieter,1
sofa,1
accurate,1
elaborate,1
wolverine,1
enforcer,1
urgency,1
choppered,1
jew,1
unisex,1
unsatisfying,1
dynamic,1
falsely,1
entertainer,1
gallivant,1
unmistakable,1
creamy,1
sonny,1
rotator,1
astound,1
gentler,1
prance,1
unrelated,1
magnetic,1
pounce,1
worshiper,1
extravagant,1
dawn,1
unresolved,1
incest,1
suspicion,1
collate,1
seafood,1
tattletale,1
curve,1
millennial,1
thursday,1
slimming,1
escapade,1
exclamation,1
conjecture,1
tide,1
grandkids,1
carl,1
gunk,1
taunt,1
instrument,1
impish,1
lucked,1
superior,1
underline,1
kidder,1
oily,1
equestrian,1
preschool,1
suave,1
entrées,1
foxhole,1
vision,1
billfold,1
duvet,1
accuracy,1
ballsy,1
sacramental,1
feasible,1
cooker,1
wordless,1
gullible,1
foreplay,1
former,1
alternate,1
jalopy,1
grader,1
toot,1
injection,1
unexpectedly,1
interdepartmental,1
defecate,1
handbook,1
degrade,1
sanitation,1
nakeder,1
woofing,1
domineer,1
whimsical,1
confirm,1
aglow,1
virtual,1
loopy,1
manhole,1
recycle,1
sparkle,1
deaden,1
lather,1
warrant,1
originate,1
unyielding,1
sniffer,1
droppings,1
paddle,1
sully,1
plunger,1
spleen,1
aweigh,1
blur,1
tornado,1
kidnap,1
condescend,1
chemical,1
decline,1
gallbladder,1
barry,1
bernays,1
glaze,1
bead,1
sarong,1
goon,1
pulse,1
dustpan,1
mediocre,1
theorem,1
jig,1
cobbler,1
crone,1
tartar,1
rooftop,1
traditionally,1
horsepower,1
feeder,1
measurement,1
trivialize,1
looter,1
kosher,1
clamp,1
caddy,1
zest,1
wry,1
ill,1
spotter,1
management,1
crisp,1
clunk,1
dismantle,1
cheffing,1
stream,1
continent,1
accessible,1
undergraduate,1
acre,1
rattrap,1
pretension,1
marathon,1
vulcanize,1
stoic,1
concussion,1
laughable,1
sinus,1
shit,1
cock,1
adjustment,1
stump,1
destination,1
inter,1
netherworld,1
refundable,1
dangerously,1
interviewer,1
desire,1
setback,1
villain,1
wintry,1
distraction,1
snuff,1
marvelous,1
itinerary,1
crematorium,1
benign,1
shimmy,1
wildlife,1
quirky,1
monte,1
slang,1
correspondence,1
smidgen,1
pup,1
unnerve,1
megan,1
brazen,1
seagull,1
fiery,1
graveyard,1
elastic,1
inedible,1
insight,1
turbulence,1
hundredth,1
blackmail,1
beacon,1
meaty,1
rugged,1
liaison,1
chico,1
individually,1
spectacularly,1
ambush,1
fertile,1
goop,1
uncalled,1
croup,1
winy,1
weeper,1
pip,1
fonded,1
operator,1
preteen,1
nausea,1
pork,1
leprechaun,1
yesteryear,1
az,1
overuse,1
raindrop,1
clasp,1
faculty,1
candids,1
structure,1
incessant,1
quip,1
reinforcement,1
muss,1
sophomore,1
pug,1
presumably,1
unexpected,1
spoke,1
elder,1
cashew,1
debut,1
birthstone,1
carrion,1
rim,1
chilean,1
nutshell,1
cellular,1
supplier,1
bloomer,1
nonrefundable,1
quake,1
projection,1
disarray,1
oblivious,1
beside,1
owen,1
ladder,1
orphan,1
swiss,1
slightest,1
mush,1
soil,1
repack,1
wooded,1
famish,1
er,1
skimp,1
artificial,1
weed,1
concession,1
tinsel,1
neatly,1
trashy,1
postcard,1
sterilize,1
minivan,1
mac,1
oatmeal,1
genetics,1
spatter,1
trace,1
bungee,1
antsy,1
pressurize,1
banister,1
molest,1
cork,1
med,1
armless,1
reconnect,1
salute,1
breech,1
fetish,1
freshwater,1
reconcile,1
camper,1
gland,1
giggle,1
straddle,1
prospective,1
eviction,1
chronological,1
possessive,1
prop,1
jaunty,1
strangely,1
duchess,1
motivational,1
waterworks,1
sedate,1
status,1
scrap,1
circumstance,1
unwelcome,1
breakfront,1
disagreement,1
mar,1
bop,1
insider,1
unmovable,1
foxy,1
trilobite,1
miscount,1
adrian,1
forefather,1
methodical,1
leer,1
pudding,1
wussies,1
foil,1
enthusiast,1
sportswear,1
regularly,1
unpredictability,1
aromatherapy,1
retail,1
leafy,1
badminton,1
electrician,1
removal,1
repellent,1
dissolve,1
confrontational,1
althea,1
viciously,1
graphic,1
grog,1
graceful,1
implicit,1
lord,1
synthesize,1
production,1
inadequate,1
kickback,1
sole,1
oak,1
uniqueness,1
federal,1
unconstitutional,1
crumby,1
flimsy,1
paramedic,1
capacity,1
baton,1
continuum,1
physicist,1
cataract,1
forgiveness,1
calculator,1
earpiece,1
regime,1
syllabus,1
bombardment,1
chamber,1
implement,1
bearer,1
nab,1
core,1
indivisible,1
respectful,1
deviate,1
nineteen,1
organism,1
culinary,1
holler,1
venue,1
monocle,1
incorporate,1
talentless,1
erupt,1
sorrow,1
hairier,1
snowball,1
instruction,1
genie,1
ovum,1
honorary,1
jumble,1
injure,1
unclench,1
hubby,1
conglomerate,1
greatness,1
heavily,1
rational,1
nozzle,1
janitor,1
midtown,1
modeler,1
baldness,1
equip,1
yugoslavian,1
humid,1
shoplift,1
lieutenant,1
nearest,1
futile,1
rape,1
recapture,1
jewel,1
occurrence,1
rung,1
foster,1
alignment,1
syndrome,1
kiln,1
inputting,1
semifinal,1
potion,1
cane,1
revoke,1
homophobic,1
pacifist,1
bass,1
fuchsia,1
knocker,1
runaway,1
sadistic,1
maraca,1
arrival,1
improvement,1
yearn,1
punishable,1
apparatus,1
newlywed,1
grossly,1
indicate,1
timeshare,1
camellia,1
shaky,1
overhead,1
detox,1
outbid,1
strive,1
florist,1
separately,1
paradise,1
grad,1
rave,1
hypoallergenic,1
tack,1
interruption,1
whilst,1
geographic,1
whop,1
scoff,1
orgy,1
honk,1
snorkel,1
physician,1
foreigner,1
simian,1
hence,1
slouch,1
credibility,1
enunciation,1
teenager,1
kinda,1
casualty,1
joan,1
coronary,1
stingy,1
protector,1
pear,1
google,1
cheapskate,1
devon,1
plummet,1
definitive,1
tint,1
alp,1
preserve,1
bankrupt,1
psycho,1
macabre,1
fringe,1
australian,1
drastic,1
meas,1
collar,1
hairdo,1
bot,1
appraise,1
fireball,1
ornamental,1
bloke,1
spew,1
postdate,1
barbershop,1
link,1
hen,1
mum,1
intercept,1
catfish,1
briefly,1
pocketbook,1
misread,1
dazzle,1
intentional,1
excess,1
creepiest,1
outer,1
yang,1
petition,1
vocal,1
thug,1
accompany,1
navy,1
gook,1
felon,1
thus,1
pasty,1
marina,1
smoothie,1
ferret,1
poodle,1
peekaboo,1
disturbingly,1
exhume,1
chime,1
markup,1
rushmore,1
busboy,1
intrude,1
groovy,1
maternal,1
gonad,1
holder,1
shun,1
puma,1
creamier,1
woodsman,1
womankind,1
waltz,1
assist,1
alphabetical,1
capability,1
cuban,1
unconsciously,1
sensual,1
fierce,1
sob,1
journalism,1
lyme,1
smiley,1
bong,1
threadbare,1
bicentennial,1
betrayal,1
unwitting,1
fungi,1
panicky,1
rita,1
gingham,1
belch,1
noah,1
hardy,1
ovation,1
rotisserie,1
reflect,1
resistance,1
fermentation,1
misspoke,1
lop,1
notepad,1
bluesy,1
rot,1
fluent,1
coincidental,1
bouquet,1
artistic,1
unsafe,1
confrontation,1
unprecedented,1
painfully,1
homecoming,1
anonymity,1
bonsai,1
faker,1
digest,1
slogan,1
uncircumcised,1
rupture,1
sprinkle,1
whiten,1
inspiration,1
leaver,1
dilemma,1
negativity,1
mentality,1
nomad,1
openness,1
sharpen,1
serial,1
whirlpool,1
spout,1
koala,1
barnacle,1
archaeologist,1
medley,1
undies,1
kettle,1
petal,1
opt,1
finer,1
portfolio,1
namesake,1
garrison,1
mainly,1
unnecessary,1
executive,1
obnoxious,1
anguish,1
womanhood,1
gangster,1
darkness,1
brandy,1
scatterbrain,1
affection,1
planeload,1
shortness,1
boggle,1
confetti,1
cardinal,1
skater,1
heather,1
satellite,1
wren,1
cookbook,1
pew,1
rune,1
cremation,1
ethnic,1
administer,1
welder,1
atom,1
pitfall,1
katti,1
soviet,1
jealousy,1
payoff,1
roulette,1
seashell,1
cleveland,1
alongside,1
malpractice,1
shoelace,1
romance,1
dimension,1
windscreen,1
homosexual,1
mathematician,1
headliner,1
r,1
swap,1
librarian,1
arthropod,1
slugger,1
upwind,1
enjoyable,1
loop,1
economics,1
womb,1
helpless,1
interference,1
sweatshop,1
trimmer,1
octopus,1
spreadsheet,1
catheter,1
bound,1
erosion,1
thermometer,1
negate,1
barefoot,1
alfredo,1
beret,1
infamous,1
riverboat,1
regulation,1
catcher,1
inspection,1
doubloon,1
antacid,1
frolic,1
nightie,1
optimum,1
volume,1
butterfly,1
concetta,1
futon,1
journalist,1
reincarnate,1
vermont,1
jester,1
elderly,1
dem,1
chorion,1
nazi,1
cum,1
database,1
crier,1
dysfunctional,1
slick,1
allowance,1
unearth,1
reorganize,1
heinze,1
implode,1
energetic,1
screwup,1
banter,1
miniature,1
brat,1
doug,1
ensemble,1
wrench,1
mortician,1
macaw,1
multiply,1
softball,1
inventory,1
extravaganza,1
varsity,1
overlook,1
fireproof,1
tragically,1
photocopy,1
stupider,1
distraught,1
flexible,1
ambitious,1
disable,1
are,1
virility,1
infectious,1
carbohydrate,1
tamer,1
surgically,1
scalpel,1
miniskirt,1
severely,1
potter,1
attempt,1
behold,1
primarily,1
typist,1
adultery,1
pickup,1
underground,1
escalator,1
bible,1
talon,1
wetter,1
passageway,1
cranial,1
stadium,1
tangle,1
cooperative,1
communism,1
thinner,1
rut,1
watermelon,1
lung,1
fitness,1
warden,1
chickpea,1
encourage,1
corral,1
conceivable,1
invasive,1
trusty,1
infrared,1
penetrate,1
myers,1
jansen,1
filbert,1
diapering,1
windmill,1
hemorrhoid,1
inhale,1
rile,1
sympathetic,1
unattainable,1
mindy,1
irregular,1
jeweler,1
boxy,1
rusty,1
scout,1
reporter,1
accelerator,1
smellier,1
pita,1
shopper,1
shore,1
fie,1
abridgment,1
sacred,1
kibble,1
incinerator,1
anticipation,1
tassel,1
traipse,1
meantime,1
port,1
lighten,1
quicker,1
respectfully,1
leader,1
albeit,1
toenail,1
oregano,1
earner,1
impend,1
twit,1
hem,1
headway,1
construct,1
gutless,1
goatee,1
recount,1
karl,1
enrich,1
hoyt,1
emptier,1
faithful,1
rendition,1
summertime,1
coward,1
hammerhead,1
lunar,1
erin,1
unsay,1
outstanding,1
resentful,1
handsomeness,1
dander,1
oneself,1
condolence,1
substantial,1
ala,1
underprivileged,1
bait,1
helium,1
doorman,1
seahorse,1
internationally,1
shipment,1
customary,1
sapphire,1
snakebite,1
relatively,1
flop,1
roughhouse,1
insinuation,1
wily,1
solvent,1
positively,1
painless,1
childlike,1
softly,1
invader,1
hobby,1
chivvy,1
applause,1
trial,1
mixture,1
ancestor,1
difficulty,1
destine,1
abstract,1
landscape,1
penicillin,1
refrigerant,1
unwind,1
snug,1
plea,1
pete,1
cheekbone,1
accessory,1
alice,1
consternation,1
solar,1
interfacing,1
snub,1
ashtray,1
busiest,1
noble,1
clearer,1
croak,1
pail,1
saunders,1
fleshy,1
steven,1
rally,1
vicariously,1
tighten,1
mono,1
mare,1
unusually,1
verge,1
testy,1
sequin,1
guacamole,1
tribeswomen,1
embargo,1
pensive,1
mysterious,1
drifter,1
organizational,1
percentage,1
padlock,1
revise,1
notebook,1
lest,1
yolk,1
slot,1
facilitate,1
peeve,1
traumatize,1
patriarchal,1
enhance,1
crusty,1
vigilante,1
blackjack,1
daisy,1
steeves,1
cheddar,1
waldo,1
ag,1
sedimentary,1
delightful,1
windbag,1
dong,1
lax,1
pitchfork,1
booze,1
heavier,1
bittersweet,1
representation,1
slay,1
sputter,1
samba,1
damp,1
informative,1
selflessly,1
euphoria,1
epidemiology,1
festive,1
catherine,1
geologist,1
squishy,1
comfit,1
beaver,1
moses,1
gill,1
cafeteria,1
pioneer,1
orient,1
murky,1
endeavor,1
segment,1
broccoli,1
colony,1
competitor,1
megabyte,1
downhill,1
bin,1
micromanage,1
ray,1
instate,1
poltergeist,1
psych,1
funnest,1
obscene,1
ember,1
formation,1
proper,1
talky,1
tutor,1
shrine,1
homicide,1
pizzeria,1
eraser,1
kabob,1
tollbooth,1
intent,1
stinker,1
attacker,1
mooch,1
staff,1
tingly,1
reel,1
feistier,1
parole,1
rout,1
dermatologist,1
interstate,1
playful,1
wise,1
whiner,1
fray,1
circuit,1
dimmer,1
huffy,1
reimburse,1
commodity,1
unforgivable,1
hitchhike,1
lima,1
ringside,1
iver,1
deadly,1
eighteen,1
freer,1
maxed,1
assassin,1
assemble,1
nutty,1
permit,1
oversight,1
leek,1
inflate,1
speechless,1
implantation,1
mundane,1
birthmark,1
cringe,1
binder,1
transsexual,1
amino,1
mud,1
smudgy,1
unravel,1
unflattering,1
palace,1
spud,1
aspirin,1
subconscious,1
flogger,1
expressway,1
restrict,1
madcap,1
submit,1
hovercraft,1
withdrawal,1
handwritten,1
ghastly,1
reaffirm,1
ado,1
disbelief,1
comprehensive,1
backless,1
aye,1
hover,1
apiece,1
grandson,1
yardstick,1
tofu,1
emphysema,1
aspect,1
hollandaise,1
deceptively,1
sharpener,1
wacky,1
streetlight,1
telemarketing,1
comforter,1
jill,1
flabby,1
yearlong,1
scooter,1
maroon,1
shani,1
acupressure,1
sanity,1
fieldwork,1
masseur,1
bub,1
papaya,1
munchies,1
aim,1
weirdness,1
restore,1
carnival,1
wrinkle,1
gobbed,1
castle,1
ratchet,1
beginner,1
pelt,1
temple,1
nonstop,1
caretaker,1
stimulate,1
fantastically,1
caress,1
jerky,1
subscription,1
raft,1
foursome,1
receptionist,1
oversize,1
hepatitis,1
expertise,1
vaporize,1
overpay,1
lizard,1
sift,1
lash,1
electrocute,1
scramble,1
indignant,1
reviewer,1
strategy,1
proportion,1
inventor,1
fatigue,1
wench,1
spindler,1
whiff,1
fonzie,1
steamer,1
fixer,1
tipper,1
whiskey,1
sharpest,1
clay,1
dingle,1
midge,1
deductible,1
suckle,1
convey,1
slammer,1
rainstorm,1
julie,1
wrinkly,1
basset,1
crabby,1
palpable,1
milligram,1
portrait,1
personnel,1
maurice,1
authorize,1
trample,1
calve,1
flap,1
enthuse,1
flaunt,1
livelong,1
attachment,1
cassie,1
antihistamine,1
yonkers,1
musketeer,1
airline,1
liqueur,1
hill,1
lydia,1
ref,1
caffeine,1
athlete,1
dirtier,1
fairness,1
licker,1
sway,1
crossbow,1
valet,1
goblin,1
viking,1
abandoner,1
translation,1
everlasting,1
broth,1
saucer,1
bushy,1
aloe,1
doubtful,1
binge,1
commodore,1
quiz,1
dope,1
cardboard,1
pistachio,1
tenor,1
salesperson,1
vivian,1
silence,1
fumble,1
restriction,1
diploma,1
premier,1
nifty,1
carrier,1
folksy,1
eggnog,1
inconvenience,1
slaughter,1
sugarless,1
gaffe,1
hatless,1
semen,1
dejesus,1
neglect,1
rely,1
subdue,1
godson,1
obligation,1
thistle,1
mulch,1
dormant,1
loon,1
disapprove,1
terror,1
f,1
schoolyard,1
stem,1
innocently,1
unskilled,1
acorn,1
incense,1
formally,1
attendant,1
baseboard,1
ego,1
anticipate,1
lone,1
salmonella,1
orally,1
spinal,1
wang,1
assumption,1
ache,1
bellyache,1
peppiness,1
emit,1
lockup,1
untouched,1
kinkiest,1
identity,1
yoko,1
desperation,1
dawdle,1
wednesday,1
minty,1
vic,1
lo,1
priceless,1
toothier,1
grapple,1
bloodsucking,1
terrorize,1
stroller,1
callous,1
clap,1
colder,1
reciprocate,1
popper,1
sweeter,1
loaner,1
manipulate,1
erotically,1
vital,1
anthropologically,1
engorge,1
superintendent,1
subcategories,1
craftsmanship,1
horn,1
manna,1
reflection,1
parrot,1
dab,1
hideousness,1
hemp,1
grumpy,1
denial,1
specter,1
sweeper,1
retrain,1
humanoid,1
environmental,1
jasmine,1
destructive,1
m,1
motivation,1
puffy,1
leslie,1
lacrosse,1
flex,1
ablaze,1
hiccup,1
furlough,1
susie,1
sophistication,1
unorthodox,1
speedily,1
harass,1
undercover,1
cliff,1
lob,1
repair,1
mellon,1
blaze,1
heirloom,1
quartz,1
clergy,1
positron,1
bold,1
dizziness,1
digger,1
kindergarten,1
mortgage,1
raffia,1
dino,1
barren,1
scold,1
reliable,1
sombrero,1
delicacy,1
heritage,1
hangover,1
lookout,1
sweetness,1
visually,1
sot,1
infarction,1
luminous,1
puerto,1
housewares,1
confidential,1
extreme,1
insignificant,1
eek,1
commencement,1
sower,1
outburst,1
revoker,1
caterpillar,1
villa,1
phallic,1
choppy,1
iceman,1
unjustified,1
fancier,1
stylish,1
obese,1
glamor,1
fains,1
farewell,1
riff,1
backward,1
boycott,1
slowpoke,1
triceps,1
merely,1
menstrual,1
undermine,1
fictitious,1
levine,1
deficiency,1
stork,1
coordinator,1
throb,1
glacier,1
bocking,1
criticism,1
fatherhood,1
foghorn,1
wa,1
cuckoo,1
dialogged,1
superstar,1
countryside,1
convert,1
unpublished,1
whoosh,1
pornographic,1
influence,1
malfunction,1
candlestick,1
percentile,1
justify,1
hectic,1
saab,1
aggression,1
shortest,1
romp,1
illusion,1
anthem,1
gutter,1
mango,1
diabetes,1
illegitimate,1
shooter,1
gazebo,1
darius,1
finalize,1
chiaroscuro,1
spiteful,1
invasion,1
incidentally,1
correspond,1
workshop,1
sage,1
clint,1
psychological,1
psychopath,1
classroom,1
empower,1
jumpy,1
valkyrie,1
understandable,1
boa,1
spur,1
nymph,1
flier,1
turf,1
ewe,1
pinball,1
variety,1
mask,1
nurture,1
hermaphrodite,1
aphrodisiac,1
manicurist,1
delegate,1
homey,1
tadpole,1
strafe,1
edgy,1
revelation,1
lauren,1
sedation,1
cockpit,1
irreplaceable,1
resent,1
gadget,1
saggy,1
missile,1
championship,1
cultural,1
obstetrician,1
liza,1
monitor,1
astronomer,1
hurtful,1
statue,1
anded,1
berry,1
fir,1
richer,1
fugitive,1
wordplay,1
grotesque,1
preliminary,1
undefeated,1
wobble,1
genetic,1
watercress,1
poof,1
perk,1
exclaim,1
speedster,1
swab,1
electronically,1
blossom,1
hurl,1
condensation,1
ballroom,1
pram,1
chardonnay,1
adviser,1
camouflage,1
compact,1
beneath,1
doorstep,1
foal,1
gist,1
avert,1
lifestyle,1
watercolor,1
unanswerable,1
gazillion,1
menstruate,1
praise,1
alfresco,1
swift,1
mozzarella,1
santos,1
doable,1
stewardess,1
preppy,1
coldest,1
considerate,1
widely,1
steve,1
oversee,1
carpal,1
madly,1
earliest,1
karmic,1
refresher,1
uvula,1
ooze,1
halibut,1
antidepressant,1
floozy,1
infertile,1
bourbon,1
select,1
revolve,1
fairyland,1
tulip,1
jelly,1
cupid,1
topnotch,1
delirious,1
tango,1
purebred,1
prissy,1
cusp,1
stevens,1
motif,1
essay,1
compulsively,1
tramp,1
overhand,1
cerebral,1
cellist,1
specialize,1
spunky,1
hairpiece,1
legitimate,1
infant,1
genitalia,1
affirmative,1
preemptive,1
jfk,1
fig,1
bedspread,1
shuffle,1
prawn,1
fleet,1
crispy,1
brunette,1
thrash,1
reconstitute,1
robbery,1
starlet,1
ascot,1
vanish,1
polisher,1
frostbite,1
tommy,1
imp,1
urge,1
vitamin,1
euphemism,1
fattest,1
seventeen,1
smarmy,1
vacate,1
reconstruct,1
coverall,1
remotely,1
downstage,1
arc,1
flora,1
israeli,1
trouser,1
potty,1
uncanny,1
duet,1
industrial,1
emphatic,1
cheeky,1
roughly,1
refresh,1
cure,1
wisecrack,1
plunk,1
vague,1
mauve,1
panache,1
blizzard,1
modem,1
blacken,1
luckier,1
arch,1
satchel,1
hussy,1
ambiance,1
disrespectful,1
assign,1
outlaw,1
compound,1
momentary,1
vast,1
eclectic,1
rake,1
photography,1
pedal,1
bushel,1
docile,1
jeopardy,1
payout,1
almond,1
wage,1
luncheon,1
importance,1
trench,1
rufus,1
phonetically,1
bert,1
meaner,1
meteor,1
suitable,1
refund,1
dicey,1
outdoorsy,1
vicious,1
nearly,1
incapable,1
nearby,1
molecular,1
starch,1
unstoppable,1
nicotine,1
browse,1
monger,1
mishap,1
swill,1
def,1
brunt,1
obstacle,1
strew,1
scammed,1
crunchy,1
input,1
anal,1
mover,1
induce,1
grate,1
plaque,1
uncoordinated,1
girth,1
equilibrium,1
beehive,1
goosebump,1
stuffy,1
mildew,1
posture,1
tiptoe,1
bale,1
import,1
nasal,1
ornate,1
retesting,1
imply,1
bookish,1
mexican,1
mourner,1
merit,1
subtract,1
enchilada,1
ecstasy,1
hedge,1
feeble,1
softener,1
drugstore,1
apostrophe,1
clew,1
julio,1
spandex,1
truffle,1
umbilical,1
authorization,1
tights,1
lassie,1
computerize,1
residual,1
distant,1
myth,1
genetically,1
underwater,1
fracture,1
overcome,1
cog,1
waterproof,1
rewire,1
netherlands,1
infection,1
sconce,1
westminster,1
groin,1
flour,1
boatload,1
chervil,1
jumpsuit,1
mascot,1
shepherd,1
skier,1
logic,1
constructive,1
predictable,1
yield,1
authentically,1
reattaching,1
incoming,1
lineup,1
conversationalist,1
perpendicular,1
criminal,1
handkerchief,1
sunny,1
creamiest,1
scruple,1
concentration,1
odorless,1
initiative,1
geometry,1
mechanical,1
yucks,1
stairwell,1
protein,1
reactor,1
costars,1
impasto,1
peeler,1
tastefully,1
mannish,1
unwilling,1
bench,1
absence,1
bumblebee,1
intersperse,1
stopper,1
plumb,1
nutrient,1
suffrage,1
sesame,1
tetanus,1
prevent,1
stockbroker,1
utensil,1
frenzy,1
optional,1
cleavage,1
collie,1
urinate,1
zygotic,1
misconstrue,1
saleswoman,1
randy,1
sic,1
pheromone,1
amateur,1
ruff,1
ape,1
shutdown,1
mendelevium,1
deem,1
eerie,1
scholar,1
confidant,1
tropical,1
seriousness,1
priest,1
plural,1
shortcoming,1
generation,1
patent,1
afterward,1
ensure,1
sandy,1
remodel,1
woodland,1
entirely,1
grateful,1
bulldozer,1
fireplace,1
glory,1
insulation,1
misjudge,1
letterman,1
andrea,1
sac,1
impatient,1
dragon,1
salary,1
rail,1
weasel,1
ron,1
provocatively,1
jody,1
daydream,1
penal,1
monsoon,1
rumble,1
cocaine,1
interplanetary,1
coworkers,1
stallion,1
peso,1
skywriting,1
shew,1
assistance,1
cripple,1
vinyl,1
nun,1
victory,1
gnaw,1
via,1
rite,1
analytical,1
native,1
disco,1
piggyback,1
sever,1
disgraceful,1
genre,1
radius,1
safer,1
prune,1
rex,1
approximately,1
fluffy,1
hideously,1
masquerade,1
hotbed,1
location,1
pucker,1
squirm,1
clove,1
condense,1
honorable,1
distort,1
heartless,1
gene,1
indescribable,1
massacre,1
buffer,1
vend,1
resurface,1
immodest,1
plead,1
twosome,1
enclose,1
temporarily,1
wicking,1
atrium,1
hometown,1
calcium,1
desperately,1
acceptance,1
disorient,1
zillion,1
fixate,1
objectify,1
savory,1
keyhole,1
turnover,1
piper,1
fitter,1
crop,1
nicety,1
currant,1
adidas,1
vera,1
reproductive,1
blimey,1
cornish,1
yen,1
h,1
organic,1
dick,1
dictator,1
feminist,1
affordable,1
inexplicable,1
excavation,1
debt,1
craft,1
vega,1
bleach,1
earmark,1
uterine,1
recite,1
specialist,1
founder,1
geisha,1
solidify,1
sweeten,1
siamese,1
nectarine,1
coffin,1
toll,1
bedside,1
denizen,1
jab,1
warren,1
intention,1
acoustic,1
dreamless,1
pagan,1
homosexually,1
maxine,1
outsider,1
diplomatic,1
representative,1
investigator,1
tame,1
weired,1
custom,1
toucher,1
understaffed,1
